Expected Tenure 1,Expected Tenure 2,,Employee,Percentage Change
12.375,33.25,,1,168.6868687
7,16.75,,2,139.2857143
2.135751111,2.133526205,,3,-0.104174404
7,8.375,,4,19.64285714
4,0.352655198,,5,-91.18362005
0.12,0.306390018,,6,155.325015
9,15,,7,66.66666667
7.08,52.55342795,,8,642.2800558
4,53.95618247,,9,1248.904562
7,5.014208124,,10,-28.36845537
2.126225918,2.181081873,,11,2.579968315
2.359955731,2.394882851,,12,1.479990474
9.875,15,,13,51.89873418
2.040951431,2.248444633,,14,10.16649386
1,0.022649328,,15,-97.7350672
8.359080095,9.228514766,,16,10.40108075
4,2.191428645,,17,-45.21428388
2.036924523,2.037524471,,18,0.02945362
7,7,,19,0
0.02,0.234844513,,20,1074.222565
15,15,,21,0
8,8,,22,0
7,10,,23,42.85714286
7,7,,24,0
4,1.315680994,,25,-67.10797515
7,2.075641508,,26,-70.34797846
2,0.37249663,,27,-81.3751685
3.025581389,3.236586151,,28,6.974023663
2.036655046,35.84838706,,29,1660.15998
2,1.223782719,,30,-38.81086405
8,10,,31,25
0.03,0.434573818,,32,1348.579393
0.05,0.328193708,,33,556.387416
10,10,,34,0
12.25,22.125,,35,80.6122449
7,7,,36,0
4,0.089878953,,37,-97.75302618
7,7,,38,0
0.006201174,0.648978928,,39,10365.42039
3.12,3.067878369,,40,-1.670565096
7,2.334826731,,41,-66.64533241
3,72.3936383,,42,2313.121277
15,15,,43,0
8,14,,44,75
2.01140975,2.112165882,,45,5.009229571
8,30.76587635,,46,284.5734544
6.55,10,,47,52.67175573
9,9,,48,0
9,6.218412002,,49,-30.90653331
15,7,,50,-53.33333333
2,7,,51,250
5.75,22.75,,52,295.6521739
3,0.485631191,,53,-83.81229363
2.12,2.19492154,,54,3.534034906
3.194559476,3.034859739,,55,-4.999116097
4.125,13,,56,215.1515152
1.164446117,1.164446117,,57,0
7,14,,58,100
1.047845743,0.362644062,,59,-65.39146488
12.625,12.625,,60,0
18.375,91.8040614,,61,399.6139396
2,0.570163704,,62,-71.4918148
7,2.696943973,,63,-61.47222896
7,2.247415447,,64,-67.89406504
8,50.43663294,,65,530.4579118
4.427732255,106.3569732,,66,2302.064241
7,7,,67,0
11,48.07927184,,68,337.0842895
2.14825945,2.560882788,,69,19.20733262
7,4.97996288,,70,-28.85767314
3,0.201624315,,71,-93.2791895
4,2.419049956,,72,-39.5237511
19.125,49.06307443,,73,156.5389513
7,7,,74,0
8,8,,75,0
8,62.26644498,,76,678.3305623
10,10,,77,0
9,9.875,,78,9.722222222
7,7,,79,0
2.264968507,2.465607258,,80,8.85834617
7,4.07272238,,81,-41.81825171
10.43188864,11.28996753,,82,8.225537289
2.06,2.995896262,,83,45.43185738
0.2198918,0.074967905,,84,-65.90691194
13,51.76844986,,85,298.2188451
7,0.310827814,,86,-95.55960266
7,7,,87,0
7,7,,88,0
2.047335649,90.08539275,,89,4300.128176
0.03,0.207866008,,90,592.8866933
29.625,47.625,,91,60.75949367
7,3.902237747,,92,-44.25374647
4,4,,93,0
2,0.408647022,,94,-79.5676489
4,3.011235272,,95,-24.7191182
7.26,21.375,,96,194.4214876
0.09,0.701062414,,97,678.9582378
12.53063647,12.90533048,,98,2.990223289
7,9.25,,99,32.14285714
7,49.36825966,,100,605.2608523
4.198519774,82.60580516,,101,1867.4983
2.516970953,1.045507958,,102,-58.46165977
11,18.25494682,,103,65.954062
3,2.171035964,,104,-27.63213453
3,2.685568222,,105,-10.48105927
9.875,68.12482889,,106,589.871685
13,27.55992997,,107,111.9994613
3,2.498055693,,108,-16.7314769
13,46.38608345,,109,256.8160265
8,2.171011135,,110,-72.86236081
9,60.58860258,,111,573.2066953
13,13,,112,0
7,2.274481682,,113,-67.50740454
4,82.74671278,,114,1968.66782
8,24.75,,115,209.375
7,2.020896766,,116,-71.1300462
3.255318327,3.39988093,,117,4.440813109
7,7,,118,0
4,4,,119,0
4,0.570138305,,120,-85.74654238
8,8.683206984,,121,8.5400873
16.625,12,,122,-27.81954887
26.375,52.83502141,,123,100.3223561
9.418822514,9.332458922,,124,-0.91692557
9.75,12,,125,23.07692308
9.75,90.40048477,,126,827.1844592
2,0.338882349,,127,-83.05588255
2,0.496728628,,128,-75.1635686
11,14,,129,27.27272727
4.5,14.75,,130,227.7777778
2.15,37.22379273,,131,1631.339197
2.042075177,18.7271221,,132,817.0633046
2.196687141,2.052508335,,133,-6.563465653
7,4,,134,-42.85714286
2,87.28545583,,135,4264.272792
7,7,,136,0
8,13,,137,62.5
9,15,,138,66.66666667
7,7,,139,0
4,48.82956171,,140,1120.739043
2.124821179,2.702372289,,141,27.18116309
9.625,16.125,,142,67.53246753
18.25,33.5432241,,143,83.79848822
4.439457746,4.493941333,,144,1.227257699
2.09,2.047811613,,145,-2.01858311
2,1.297713493,,146,-35.11432535
13.06384317,13.2661754,,147,1.548795614
2.026874946,2.157075676,,148,6.423717963
4,2.054709149,,149,-48.63227128
4,2.439184925,,150,-39.02037688
4,2.062605924,,151,-48.4348519
3,3,,152,0
8,12.41565174,,153,55.19564675
10,10,,154,0
15.75,15.75,,155,0
9,47.13778873,,156,423.7532081
15,10,,157,-33.33333333
,47.78512841,,158,#DIV/0!
7,11.24525438,,159,60.64649114
13,8.831894821,,160,-32.06234753
8.159282185,77.14624351,,161,845.5028244
7,2.358949288,,162,-66.30072446
3,52.14173182,,163,1638.057727
7,0.494525521,,164,-92.9353497
0.01,9,,165,89900
7,2.010425787,,166,-71.27963161
2.08,77.4224133,,167,3622.231409
7,10.875,,168,55.35714286
3.17,7,,169,120.8201893
4,2.046227953,,170,-48.84430118
2.029684233,1.254670265,,171,-38.18396751
4,45.09669931,,172,1027.417483
2.03,14,,173,589.6551724
7,79.87492672,,174,1041.070382
13.75,8,,175,-41.81818182
8,9.434189217,,176,17.92736521
15,7,,177,-53.33333333
7,8.875,,178,26.78571429
7.41,3,,179,-59.51417004
3,42.04069394,,180,1301.356465
11,2.177072488,,181,-80.20843193
2.150543126,9,,182,318.4989313
15,15,,183,0
10.32664467,9,,184,-12.84681242
6,0.134259765,,185,-97.76233725
2,9,,186,350
9,11.86789059,,187,31.865451
10,8,,188,-20
8,2.030389169,,189,-74.62013539
4,2.207752463,,190,-44.80618843
2.073213184,7,,191,237.640145
7,15,,192,114.2857143
15,69.91149639,,193,366.0766426
3.300481564,2.302429073,,194,-30.23960206
2.407784537,2.109986761,,195,-12.36812395
2.012728722,0.038778347,,196,-98.07334458
0.06,81.84896863,,197,136314.9477
12.75,7,,198,-45.09803922
7,2.269704101,,199,-67.5756557
2.357486033,49.85184214,,200,2014.618769
2.04,79.94281202,,201,3818.765295
15.25,1.02710772,,202,-93.26486741
2,2.521525837,,203,26.07629185
2.681700706,6.132197222,,204,128.6682182
7,91.46204397,,205,1206.600628
5,2.30748327,,206,-53.8503346
4,2.110983486,,207,-47.22541285
3,2.240412614,,208,-25.31957953
2.079089447,7,,209,236.6858511
7,10,,210,42.85714286
15,0.1840643,,211,-98.77290467
2,1.248348986,,212,-37.5825507
1.256897569,65.29046225,,213,5094.573039
8,3,,214,-62.5
3,7.103394199,,215,136.7798066
15,0.411705185,,216,-97.25529877
1,2,,217,100
7,3.333805885,,218,-52.37420164
7,8.508712352,,219,21.5530336
7.140804354,67.4117634,,220,844.0359945
13,10.26919801,,221,-21.00616915
10.26919801,2.02026315,,222,-80.32696275
2.006543398,74.68879253,,223,3622.261507
4.041814707,2.013767905,,224,-50.17663968
2.002846038,7,,225,249.5026511
7,12,,226,71.42857143
8,7,,227,-12.5
7,30.5,,228,335.7142857
5.411898321,7,,229,29.3446326
7,7,,230,0
7,20.625,,231,194.6428571
20.5,19,,232,-7.317073171
8,50.52118467,,233,531.5148084
7,3.093317283,,234,-55.8097531
7,65.33773241,,235,833.3961773
12,2.015368225,,236,-83.20526479
7,4,,237,-42.85714286
4,7,,238,75
7,2,,239,-71.42857143
2,2.923008794,,240,46.1504397
3,2.035255732,,241,-32.15814227
2.184686544,7,,242,220.4120984
7,10,,243,42.85714286
17.25,0.065699098,,244,-99.61913566
0.09,2,,245,2122.222222
2,11.625,,246,481.25
11.75,0.180000391,,247,-98.46808178
0.293380677,7,,248,2285.978542
7,40.12179027,,249,473.1684324
7,27.84944313,,250,297.8491876
10,9,,251,-10
8,54.76025035,,252,584.5031294
8,88.21573025,,253,1002.696628
8.78,3.038663146,,254,-65.39108034
7,4,,255,-42.85714286
4,2.237180422,,256,-44.07048945
2.372811961,9.935377601,,257,318.7174443
10.73739804,24.39706366,,258,127.2157889
2.182585781,7,,259,220.7204986
7,10,,260,42.85714286
10,33.78534143,,261,237.8534143
7,7,,262,0
7,4,,263,-42.85714286
4,89.68284946,,264,2142.071237
18,8,,265,-55.55555556
4.181560845,14,,266,234.8032115
9,46.100985,,267,412.2331667
7,34.60219768,,268,394.3171097
8,12,,269,50
14.375,15,,270,4.347826087
15,9,,271,-40
9,7,,272,-22.22222222
7,13,,273,85.71428571
7.03,73.62518318,,274,947.299903
7,3.529682746,,275,-49.57596077
3.00729369,0.258538425,,276,-91.4029539
0.007240685,26.49247852,,277,365783.5942
19.375,3.14020375,,278,-83.79249677
7,2.044487822,,279,-70.79303111
2.035178296,10,,280,391.3574412
8,3,,281,-62.5
3,11.62499435,,282,287.4998117
11.77511568,18,,283,52.86474026
18,37.52952097,,284,108.4973387
14,7,,285,-50
7,2.280402807,,286,-67.42281704
2.216219177,5,,287,125.6094547
5,0.183122984,,288,-96.33754032
0.04,7,,289,17400
7,55.58484144,,290,694.0691634
3.070954826,2.092050992,,291,-31.87620429
2.289369647,1,,292,-56.31985419
1,0.201267801,,293,-79.8732199
7,53.26598896,,294,660.9426994
7.343111876,2.14748499,,295,-70.75511001
3,66.9512379,,296,2131.70793
8,0.428512246,,297,-94.64359693
7,0.564691817,,298,-91.93297404
2,15.375,,299,668.75
9,10,,300,11.11111111
7,76.01554618,,301,985.936374
7,2.090363102,,302,-70.13766997
2.079377707,59.49792626,,303,2761.333276
4.738664792,0.270263533,,304,-94.29663112
0.04,10,,305,24900
7,2.03079085,,306,-70.98870214
2.125,4,,307,88.23529412
4,1.326403096,,308,-66.8399226
1.083316557,2.510788528,,309,131.768684
2.105730685,5.119588213,,310,143.1264477
7,7,,311,0
7,47.34707419,,312,576.3867741
7,39.65982276,,313,466.5688966
4,7,,314,75
7,2.345986465,,315,-66.48590764
3,0.31870862,,316,-89.37637933
0.01,1.220109655,,317,12101.09655
2,10,,318,400
15,9.008336022,,319,-39.94442652
7.33,4.149086674,,320,-43.39581618
4.08954433,2.757460982,,321,-32.57290398
3,0.86587353,,322,-71.137549
2,11.29526256,,323,464.763128
15,0.317226995,,324,-97.88515337
2,10,,325,400
7,2.085156057,,326,-70.21205633
2.04890135,11.14282165,,327,443.8437361
17.25,2.104999161,,328,-87.79710631
4,7,,329,75
7,8.125,,330,16.07142857
7,78.50915637,,331,1021.559377
11,2.035761089,,332,-81.49308101
2.21,10,,333,352.4886878
15,7.002577827,,334,-53.31614782
7.973392157,4.069007168,,335,-48.9676779
4.011319351,8,,336,99.43562953
8,1,,337,-87.5
1,4.333892243,,338,333.3892243
7,29.16927988,,339,316.7039983
2.06,15,,340,628.1553398
7,17.5,,341,150
4,96.60475077,,342,2315.118769
4.587942692,9,,343,96.16635613
9,88.84547338,,344,887.1719264
9,7,,345,-22.22222222
7,0.469675508,,346,-93.29034989
0.124082838,49.88031191,,347,40099.20298
22.5,2.084072372,,348,-90.73745612
2.109457039,3.346416355,,349,58.63875363
3.09,7,,350,126.5372168
7,10,,351,42.85714286
9.100242844,7,,352,-23.0789758
7,10.72317711,,353,53.18824443
10.0491542,7.147556294,,354,-28.87405097
7.124871478,27.375,,355,284.2174569
13.35138481,1,,356,-92.51014023
2,10,,357,400
7,66.77512339,,358,853.9303341
4.185220514,0.412160397,,359,-90.15200285
0.03,7,,360,23233.33333
7,2.454039748,,361,-64.94228931
7,45.69487982,,362,552.7839974
8,2.050264432,,363,-74.3716946
3,16,,364,433.3333333
7.16,11.375,,365,58.86871508
2.158346977,8,,366,270.6540276
7,67.35167876,,367,862.1668394
7.485247545,9.054540896,,368,20.96514967
10,7,,369,-30
7,27.25,,370,289.2857143
27.125,7,,371,-74.19354839
7,4,,372,-42.85714286
4,8,,373,100
7,21.06303182,,374,200.9004546
15,53.22389643,,375,254.8259762
9,2.277981021,,376,-74.68909977
7,7,,377,0
7,82.9056401,,378,1084.366287
4.300260645,7,,379,62.7808307
2,10,,380,400
7.04,0.089456409,,381,-98.72931237
1,5.875,,382,487.5
7,8,,383,14.28571429
8,10.375,,384,29.6875
7,7,,385,0
7,7,,386,0
7,72.54446971,,387,936.3495673
10.75,2.75,,388,-74.41860465
2.018572517,0.441210406,,389,-78.14245452
7,50.43241887,,390,620.4631267
7.625,10,,391,31.14754098
10,72.38621451,,392,623.8621451
5,3.020131285,,393,-39.5973743
4,0.269673297,,394,-93.25816758
0.01,7,,395,69900
7,4.110991517,,396,-41.27154976
4.010871441,76.97344306,,397,1819.120176
7,2.013606145,,398,-71.23419793
2.013606145,14,,399,595.2700276
7.065122704,12.39699939,,400,75.46757373
13,10,,401,-23.07692308
4,0.434600131,,402,-89.13499673
4,7,,403,75
7,10,,404,42.85714286
7,0.484215292,,405,-93.08263869
0.066322645,26.375,,406,39667.71433
7.75,7,,407,-9.677419355
7,2.211386452,,408,-68.40876497
2.601862199,2.316210895,,409,-10.97872532
7,2.216331775,,410,-68.3381175
3,10,,411,233.3333333
7,2.037335519,,412,-70.89520687
4,1.783202321,,413,-55.41994198
2,58.25151349,,414,2812.575675
5.192980149,0.414566469,,415,-92.0167908
2,9,,416,350
9,23.13609491,,417,157.0677212
13,60.57912533,,418,365.9932718
4,9,,419,125
9,2.504237504,,420,-72.17513884
4,78.51830774,,421,1862.957694
11,12.5,,422,13.63636364
11,9,,423,-18.18181818
7.51,2.112932335,,424,-71.86508209
2.01572371,2.017078385,,425,0.067205391
2.008740555,0.114673128,,426,-94.29129224
0.01,26.61410074,,427,266041.0074
2.011965881,2.038457187,,428,1.316687636
4,13.875,,429,246.875
14,13.75,,430,-1.785714286
7,2.471473771,,431,-64.69323184
4,29.375,,432,634.375
10,0.444045235,,433,-95.55954765
0.121858032,8.242523968,,434,6664.03831
8.043639393,8,,435,-0.542532936
8,7.828848495,,436,-2.139393813
9.998629162,8,,437,-19.98903179
8,64.25844103,,438,703.2305129
7,8,,439,14.28571429
8,10.09240282,,440,26.15503525
15,12,,441,-20
12.125,25.125,,442,107.2164948
13,7,,443,-46.15384615
7,7,,444,0
7,2.2606113,,445,-67.70555286
4,10,,446,150
15,7.638691006,,447,-49.07539329
15,2.012575644,,448,-86.58282904
2.05,8.459957349,,449,312.6808463
8.11,0.127375141,,450,-98.4294064
7,2.27120872,,451,-67.55416114
7,15,,452,114.2857143
7,87.91401033,,453,1155.914433
19.25,0.046674831,,454,-99.75753335
0.05,4,,455,7900
4,2,,456,-50
7,4,,457,-42.85714286
3.40272448,3.462688023,,458,1.762221518
3.443538659,11.625,,459,237.5887757
11.625,2.101920925,,460,-81.91895978
4,7,,461,75
7,59.3390689,,462,747.7009843
2.059250926,2.150084355,,463,4.410993719
2.05,0.536015372,,464,-73.85290868
7,23.625,,465,237.5
8,0.078263067,,466,-99.02171166
2,0.266913851,,467,-86.65430745
2,7,,468,250
7,77.26950658,,469,1003.850094
5,53.72873101,,470,974.5746202
7.06,77.01696509,,471,990.8918568
4,61.4328003,,472,1435.820008
5.663570912,8,,473,41.25363881
8,90.23654478,,474,1027.95681
3.116364353,2.274391199,,475,-27.01780211
2.085509924,87.21820293,,476,4082.10443
11.5,2.222776139,,477,-80.67151183
4,3.371297755,,478,-15.71755613
3.015060342,2.151554111,,479,-28.63976614
3,3.540372577,,480,18.01241923
3.09,7.647933385,,481,147.5059348
7.35,7,,482,-4.761904762
7,69.75903249,,483,896.557607
2.247636687,80.76410878,,484,3493.290199
2.05,28.9299102,,485,1311.215132
7.17,4,,486,-44.21199442
4,7.367357367,,487,84.18393418
15,0.009786108,,488,-99.93475928
0.016879226,4,,489,23597.76908
4,10,,490,150
7,11.68744753,,491,66.96353614
15,15,,492,0
15,80.72407623,,493,438.1605082
9,81.50845391,,494,805.6494879
7,2.062781796,,495,-70.53168863
2.062781796,9,,496,336.3040249
3.271042348,2.522664909,,497,-22.87886733
2.097968374,61.67082515,,498,2839.5498
13,2,,499,-84.61538462
2,0.450188327,,500,-77.49058365
2,0.273084491,,501,-86.34577545
4,37.13260775,,502,828.3151938
20.5,3.197518454,,503,-84.402349
7,2.145162427,,504,-69.35482247
4,10,,505,150
7,15,,506,114.2857143
15,7,,507,-53.33333333
7,15,,508,114.2857143
7.19,2.239834002,,509,-68.84792765
2.082925892,0.063142906,,510,-96.96854765
0.025872732,7,,511,26955.51157
7,2.656268955,,512,-62.05330064
4,3.375,,513,-15.625
3.105627363,73.30424987,,514,2260.368496
17,72.59935521,,515,327.0550306
5,,,516,-100
3,2.077823651,,517,-30.73921163
6,5.875,,518,-2.083333333
7,7,,519,0
7,4.195516715,,520,-40.06404693
4,3.047563951,,521,-23.81090123
8,14,,522,75
4,0.40826971,,523,-89.79325725
2,1.635508065,,524,-18.22459675
2.132305807,63.51955065,,525,2878.913739
2.029516413,2.158361639,,526,6.348567825
2,2,,527,0
4.015993711,13,,528,223.7056862
4,4,,529,0
14,77.04273795,,530,450.3052711
1,0.800993084,,531,-19.9006916
4,2.569292159,,532,-35.76769603
2.031756969,2.044150198,,533,0.609975956
2.098786261,2.098786261,,534,0
8,17.875,,535,123.4375
2.02,40.94175733,,536,1926.81967
4,3.838485947,,537,-4.037851325
4,49.76811316,,538,1144.202829
7,2,,539,-71.42857143
10,36.58555892,,540,265.8555892
4,70.42786508,,541,1660.696627
14,14,,542,0
7,2.216822597,,543,-68.33110576
7,7,,544,0
7,7,,545,0
7,10,,546,42.85714286
4.176441149,7,,547,67.60681523
3.142862285,3.042670075,,548,-3.187928739
3.103749656,3.212448979,,549,3.502193638
13,13,,550,0
3,2.012359277,,551,-32.92135743
2,0.390109239,,552,-80.49453805
8.014571714,8.250427065,,553,2.942831625
3,3,,554,0
2.009052069,32.50543017,,555,1517.948617
4,1.090401619,,556,-72.73995953
1,0.441887743,,557,-55.8112257
4.008889774,8,,558,99.55649696
2.119755513,2.137068937,,559,0.816765136
7,3.468682244,,560,-50.44739651
7,44.31278007,,561,533.0397153
7,7,,562,0
9.043122322,10.29683728,,563,13.8637399
0.052398483,1.016540463,,564,1840.01888
8,80.62400312,,565,907.800039
4,2.210683991,,566,-44.73290023
15,13.50670011,,567,-9.9553326
1,2,,568,100
2,0.60002521,,569,-69.9987395
8,24,,570,200
8,41.16030708,,571,414.5038385
9.75,55.00550491,,572,464.1590247
2,19.875,,573,893.75
8,8,,574,0
7,7,,575,0
7,81.46947202,,576,1063.8496
3,1.166563492,,577,-61.11455027
4,2.145054147,,578,-46.37364633
8.24,15,,579,82.03883495
39.625,15,,580,-62.14511041
7,7,,581,0
7,4,,582,-42.85714286
9,17.54163939,,583,94.90710433
8,10,,584,25
14.25,20.41981699,,585,43.29696133
7,85.95546234,,586,1127.935176
8.529364638,8.154810491,,587,-4.391348745
4,2.09248861,,588,-47.68778475
3.255273255,3.311333496,,589,1.722136257
7,10,,590,42.85714286
7,7,,591,0
16,27.375,,592,71.09375
2.0010739,2.266454508,,593,13.26190942
8,46.77370885,,594,484.6713606
4,4,,595,0
1.04,1.04969489,,596,0.932200962
12,78.87180057,,597,557.2650048
3,2.017402275,,598,-32.7532575
3.299741842,32.125,,599,873.5610099
0.119095218,0.129659266,,600,8.870253716
8,14,,601,75
10,14,,602,40
7.650501396,8.962141283,,603,17.14449575
8,9,,604,12.5
4,21.5119314,,605,437.798285
7,2.154784028,,606,-69.21737103
11,95.78230912,,607,770.7482647
2.1,81.20832344,,608,3767.063021
7,9,,609,28.57142857
2.001178842,2.034660557,,610,1.67309959
2.093270687,2.07991821,,611,-0.637876271
2,10,,612,400
0.02,0.287490668,,613,1337.45334
7,7,,614,0
11.25,29.375,,615,161.1111111
16,65.03294405,,616,306.4559003
0.04,1.174768108,,617,2836.92027
11.08016709,14,,618,26.35188519
7.241328676,8.00449076,,619,10.53897866
8,9,,620,12.5
2.021785495,87.28479922,,621,4217.213643
7,7,,622,0
7.04,13,,623,84.65909091
7,7,,624,0
7,7,,625,0
3.153870258,3.062631886,,626,-2.89290188
7.293750602,8.207969303,,627,12.53427421
2,62.69085522,,628,3034.542761
0.02,0.138833061,,629,594.165305
2.202171701,2.148169651,,630,-2.452217962
7,15,,631,114.2857143
3.0502196,3.0502196,,632,0
8,71.67227122,,633,795.9033903
3.314621002,3.052009767,,634,-7.922813343
15,7,,635,-53.33333333
7,7,,636,0
4,6.5,,637,62.5
9,8.455722218,,638,-6.047530911
7.24,8.609717808,,639,18.91875425
3,0.632479323,,640,-78.9173559
13,66.3612509,,641,410.4711608
4,3.074440267,,642,-23.13899333
2.538028307,2.25136348,,643,-11.29478447
7,7,,644,0
9.687149438,9.976522469,,645,2.987184546
10.375,84.46489421,,646,714.1194623
2.096488266,2.241494671,,647,6.916633274
7,7,,648,0
11.75,11.75,,649,0
7,2.067519789,,650,-70.46400301
2.039756731,2.09316738,,651,2.618481321
7,2.327080332,,652,-66.75599526
2,0.257655707,,653,-87.11721465
7,15,,654,114.2857143
8,2.066124845,,655,-74.17343944
2,0.020480473,,656,-98.97597635
7,7,,657,0
10,58.64535745,,658,486.4535745
7,7,,659,0
7.19,10,,660,39.08205841
5.01,5.147045887,,661,2.735446846
9.75,9,,662,-7.692307692
15,15,,663,0
2,0.417501058,,664,-79.1249471
7.01,9,,665,28.38801712
15,15,,666,0
2.07,2.172431319,,667,4.948372899
4.217614198,4.217614198,,668,0
9,91.79688027,,669,919.9653363
2.358334935,3.875,,670,64.31084247
4,3.218532868,,671,-19.5366783
3,3,,672,0
9,15,,673,66.66666667
3,30,,674,900
5,10,,675,100
3,0.619383127,,676,-79.35389577
12,57.95331298,,677,382.9442748
7,7,,678,0
2,2,,679,0
4,0.547659818,,680,-86.30850455
7,2.227931178,,681,-68.17241174
2.185265625,2.049784153,,682,-6.199771344
6,7,,683,16.66666667
4.03,8,,684,98.51116625
15,7.11261628,,685,-52.58255813
4.032294102,4.03235367,,686,0.001477273
4,0.296608991,,687,-92.58477523
4,4,,688,0
13,43.24434399,,689,232.6487999
8,10,,690,25
3,1.737769836,,691,-42.0743388
7.034354333,12,,692,70.59134971
21.375,39.5,,693,84.79532164
2.056105713,2.414005865,,694,17.40669994
0.280383793,0.149470451,,695,-46.69076647
7,7,,696,0
8,89.71839923,,697,1021.47999
1.049339044,1.196439885,,698,14.01842825
2.017074905,68.47890942,,699,3294.961151
8.335183793,14,,700,67.96270302
2.025690376,2.11264616,,701,4.292649313
10,15,,702,50
4,92.88008073,,703,2222.002018
38,18.07349971,,704,-52.43815866
0.07,0.251883293,,705,259.8332757
7,26.35110392,,706,276.4443417
3.305047992,39.7483299,,707,1102.65515
2,0.184530194,,708,-90.7734903
7,2.310900391,,709,-66.98713727
5,38.05360087,,710,661.0720174
7,2.686019396,,711,-61.62829434
7,63.6735405,,712,809.6220071
7,9,,713,28.57142857
13,20.19194614,,714,55.32266262
7.102617722,7.402755025,,715,4.22572796
11.85331182,11.68546913,,716,-1.415998267
2,2,,717,0
7,3.026415415,,718,-56.76549407
3.09628375,3.222594964,,719,4.07944569
7.022436676,7.8336444,,720,11.55165595
2.125,2.455442579,,721,15.55023901
10,10,,722,0
7.063576105,10,,723,41.57134929
10,17.93486575,,724,79.3486575
3,2,,725,-33.33333333
4,72.50753114,,726,1712.688279
13,28.93367287,,727,122.5667144
7,0.513436236,,728,-92.66519663
7,7,,729,0
10.375,46.42146659,,730,347.4358226
7,7,,731,0
8,7,,732,-12.5
2.010676534,12.11783528,,733,502.6745265
15,9.070154398,,734,-39.53230401
7,9.125,,735,30.35714286
9,69.79489459,,736,675.4988288
4,4,,737,0
15,7.097456176,,738,-52.68362549
7,15,,739,114.2857143
10,28.67333578,,740,186.7333578
0.02,0.280061204,,741,1300.30602
3.230114573,5.123629065,,742,58.62066033
7,7,,743,0
7,10,,744,42.85714286
10,10,,745,0
2,0.06860601,,746,-96.5696995
10,10,,747,0
11.75,68.19474333,,748,480.3807943
0.369116305,0.130232087,,749,-64.71787205
0.217241689,0.236259554,,750,8.754242838
5.52,7,,751,26.8115942
9.145771748,9.012088873,,752,-1.46169048
7,10,,753,42.85714286
4,2.065305203,,754,-48.36736993
10.01608184,11.81516614,,755,17.96195687
7,9,,756,28.57142857
8.079639775,33.125,,757,309.9811492
4,2.090042594,,758,-47.74893515
15,11.16254758,,759,-25.58301613
9.25,27.625,,760,198.6486486
4,2.045964164,,761,-48.8508959
2,0.045351307,,762,-97.73243465
7.114756602,12,,763,68.66353512
2.053268508,9.875,,764,380.9405083
2,7,,765,250
7,4.378262268,,766,-37.45339617
2.147406551,2.147406551,,767,0
2.061774397,3.375,,768,63.6939524
8,35.06417491,,769,338.3021864
7,15,,770,114.2857143
9.040046664,9.642467049,,771,6.663907913
2.07,87.20221384,,772,4112.667335
7,7,,773,0
7.67,14,,774,82.52933507
7,7,,775,0
8,47.41079298,,776,492.6349123
7,7,,777,0
7,7,,778,0
11.75,43.45704042,,779,269.8471525
9,9,,780,0
7,2.659798356,,781,-62.00288063
14,8.065754001,,782,-42.38747142
10,10,,783,0
7,7,,784,0
2.116727422,2.183966247,,785,3.176546224
9,15,,786,66.66666667
16,79.06573627,,787,394.1608517
3.095426526,4.727100916,,788,52.71242513
7,7,,789,0
9.263934313,11.0170402,,790,18.92398875
7,62.30025931,,791,790.0037044
9,79.40399334,,792,782.2665927
4,2.203557879,,793,-44.91105303
4,2.151500032,,794,-46.2124992
9.204014956,8.306913985,,795,-9.746843908
12.25,12.25,,796,0
3,0.125231618,,797,-95.82561273
7,2.994009035,,798,-57.22844236
0.02,0.125134562,,799,525.67281
7.74,35.73509452,,800,361.6937276
3,3,,801,0
16,61.43847728,,802,283.990483
7,50.52684228,,803,621.8120326
18.625,40.92969404,,804,119.7567465
7.246082794,55.896376,,805,671.401288
2.15191925,2.372572323,,806,10.25378034
11,28.79394687,,807,161.7631534
4,3.050513841,,808,-23.73715398
4.040958665,10,,809,147.4660304
7,7,,810,0
2.003826348,2.369490122,,811,18.24827657
6.25,13,,812,108
8,12,,813,50
4,2.112600639,,814,-47.18498403
7,10,,815,42.85714286
3,3,,816,0
4,3.437883706,,817,-14.05290735
7.127628652,7.205928117,,818,1.098534573
4,4,,819,0
3.081247554,3.314575424,,820,7.572512948
7.030591482,15,,821,113.3533151
9,67.98595434,,822,655.3994927
3,2.060997334,,823,-31.30008887
2.03599749,2.142212825,,824,5.216869644
2.073457541,2.005213481,,825,-3.291316974
7,87.62539186,,826,1151.791312
14,15,,827,7.142857143
9,9,,828,0
15,14,,829,-6.666666667
7.181153677,7.005438561,,830,-2.446892573
4.085222521,4.085222521,,831,0
3,2.566024988,,832,-14.46583373
7,3.885735066,,833,-44.48949906
3.030291095,14.375,,834,374.3768684
2,1.095836913,,835,-45.20815435
7,4.368479161,,836,-37.59315484
4,2.030535461,,837,-49.23661348
5,32.22683396,,838,544.5366792
7,102.5231876,,839,1364.616966
4,34.84417517,,840,771.1043793
17,90.41520534,,841,431.8541491
9.5,48.48825901,,842,410.4027264
4,4,,843,0
9,9,,844,0
3,13,,845,333.3333333
9,75.84988549,,846,742.7765054
8.280466419,15,,847,81.14921601
7,12,,848,71.42857143
2.033753183,2.033753183,,849,0
2,2,,850,0
3,2.429853575,,851,-19.00488083
8.007320294,11.09841638,,852,38.60337757
4.117107424,78.05062379,,853,1795.763597
2.03746136,2.353723561,,854,15.52236559
15,8.390295541,,855,-44.06469639
7,2.092165461,,856,-70.11192199
2,2,,857,0
4,2.31710514,,858,-42.0723715
4,28,,859,600
9.051190703,9.381412422,,860,3.648378759
4,10,,861,150
9,12.25,,862,36.11111111
2,0.38118683,,863,-80.9406585
0.04,0.266677853,,864,566.6946325
9.375,10,,865,6.666666667
8.432528328,66.18402631,,866,684.8657453
15,9,,867,-40
0.005572501,0.079726315,,868,1330.709748
0.04,0.257871051,,769,544.6776275
7,2.154463454,,870,-69.22195066
8,74.62612393,,871,832.8265491
3.03940537,3.028819483,,872,-0.348288093
2.210557729,2.108331129,,873,-4.62447095
13,13,,874,0
4.157345172,82.56692351,,875,1886.049272
0.013976258,0.193112506,,876,1281.71824
3,2.075658321,,877,-30.8113893
4,2.119778817,,879,-47.00552958
3,2.401608712,,879,-19.94637627
8,10,,880,25
0.028608591,0.003426397,,881,-88.02318856
4,4,,882,0
9,11.75,,883,30.55555556
7,14,,884,100
2,2,,885,0
15,15,,886,0
8,87.94863637,,887,999.3579546
4,4,,888,0
20.5,20.625,,889,0.609756098
7,7,,890,0
13,13.1815517,,891,1.396551538
1.188816908,0.476209768,,892,-59.94254752
9,9,,893,0
7.1,8.846225759,,894,24.594729
3.651610217,88.34002337,,895,2319.207367
13,12.60422846,,896,-3.044396462
8.442248381,8.284602278,,897,-1.867347369
4.018926493,4.614211182,,898,14.81203227
14,78.83764654,,899,463.1260467
8.167095077,8.449961734,,900,3.463491662
1.135373541,1.011116703,,901,-10.94413719
7,2.005271476,,902,-71.35326463
20.75,64.07560558,,903,208.7980992
3.014527782,3.534794285,,904,17.25864018
2,2,,905,0
3,2.112185454,,906,-29.5938182
7.041800779,44.24294989,,907,528.2902808
2,0.216396729,,908,-89.18016355
2.59,2.155151367,,909,-16.78952251
3.001435155,3.123765449,,910,4.0757267
2,2,,911,0
4,2.061892973,,912,-48.45267568
6.125,84.97106943,,913,1287.282766
7,4.26976652,,914,-39.00333543
0.01,0.233073869,,915,2230.73869
7,7,,916,0
2.052375977,2.131809145,,917,3.870302951
0.178600632,0.178600632,,918,0
8.495955827,38.25776781,,919,350.3056347
4,2.237364216,,920,-44.0658946
2,0.582294951,,921,-70.88525245
9,66.11347869,,922,634.5942077
7,7,,923,0
8,7,,924,-12.5
7,7,,925,0
2,15,,926,650
2.076150875,42.428746,,927,1943.62537
2.40775683,2.022085334,,928,-16.01787569
7,7,,929,0
12,83.23020074,,930,593.5850062
7,7,,931,0
4.355929251,35.51348562,,932,715.2906894
6,9,,933,50
0.03,0.619398125,,934,1964.660417
10,10,,935,0
2.009580839,2.661942863,,936,32.46259177
9.7823957,12,,937,22.66933753
2.00697573,61.94057918,,938,2986.264485
10,10,,939,0
5.25,16.04062447,,940,205.5357042
7,92.0405655,,941,1214.865221
8,82.83091422,,942,935.3864278
3,2.136030441,,943,-28.7989853
2.215890155,38.28039229,,944,1627.540158
8,32.5,,945,306.25
6.1,7,,946,14.75409836
8,10,,947,25
7,53.08864888,,948,658.4092697
15,102.7607991,,949,585.071994
10.625,69.24397745,,950,551.7080231
4,94.53817207,,951,2263.454302
7,10,,952,42.85714286
15.625,33.31630111,,953,113.2243271
15,82.16917719,,954,447.7945146
11,38.25616492,,955,247.7833175
4,87.2455669,,956,2081.139173
8,7,,957,-12.5
9,9,,958,0
7,7,,959,0
8,4.25717851,,960,-46.78526863
2.35971929,2.679005041,,961,13.53066665
7,12,,962,71.42857143
7,10,,963,42.85714286
3.114084575,3.401515002,,964,9.23001351
2.13,86.20585813,,965,3947.223386
4,2.015358001,,966,-49.61604998
4,4,,967,0
7,2.092530089,,968,-70.10671301
8.875,9,,969,1.408450704
8,8,,970,0
6.592386744,10,,971,51.69012967
15,12.57081832,,972,-16.19454453
2.097141279,2.097141279,,973,0
8.090087363,64.06138381,,974,691.8503341
4,3.27449286,,975,-18.1376785
15,15,,976,0
2.082327799,51.02000406,,977,2350.142772
7,7,,978,0
10,15,,979,50
15,12.78937067,,980,-14.73752887
13,26.125,,981,100.9615385
7,7,,982,0
3,3,,983,0
5.092951273,5.334173385,,984,4.736391516
2,0.738513836,,985,-63.0743082
2.06,2.334212826,,986,13.31130223
3.02590813,3.301235732,,987,9.099007312
7,14,,988,100
7.12,7.033518933,,989,-1.214621728
2,2,,990,0
2.097274443,82.03481654,,991,3811.496505
5,52.44334188,,992,948.8668376
2.672980699,2.023518838,,993,-24.29728959
7,2.010895474,,994,-71.2729218
0.309497414,0.023333189,,995,-92.46094218
7,7,,996,0
7,41.72610032,,997,496.0871474
3,2.377833395,,998,-20.73888683
10.28685344,37.44754204,,999,264.0330083
7,0.914649583,,1000,-86.93357739
11,41.17758531,,1001,274.3416846
7,3.199398929,,1002,-54.29430101
9,78.31515391,,1003,770.1683768
8.22,48.74860269,,1004,493.0486945
4.51,6.25,,1005,38.58093126
9,10.12889223,,1006,12.543247
4,3.022994754,,1007,-24.42513115
8.274581152,72.69583048,,1008,778.5439304
4,4,,1009,0
7.04,7.271961284,,1010,3.294904602
2.08,2.143191121,,1011,3.038034663
7,7,,1012,0
3,3.081548964,,1013,2.7182988
2.626264084,2.270846371,,1014,-13.53320541
2.02,2.053394222,,1015,1.653179307
2,0.377148728,,1016,-81.1425636
2.108885679,2.025924701,,1017,-3.933877442
7.625,7.5,,1018,-1.639344262
8,7.405102075,,1019,-7.436224063
8,8,,1020,0
2,0.556230298,,1021,-72.1884851
7,7,,1022,0
2.292112583,2.032964342,,1023,-11.30608692
4.151279585,7,,1024,68.62270673
8,29.02514342,,1025,262.8142928
4,10,,1026,150
10,10,,1027,0
2,0.798948462,,1028,-60.0525769
7,91.20509055,,1029,1202.929865
2.039873068,9,,1030,341.203923
3,3,,1031,0
4,4,,1032,0
2.152083091,2.046689403,,1033,-4.897287119
8,10,,1034,25
2,2,,1035,0
9.375,9.375,,1036,0
4,4,,1037,0
2,1.167773529,,1038,-41.61132355
7,0.377869134,,1039,-94.60186951
7,7,,1040,0
7,69.42750083,,1041,891.8214404
7,0.42030845,,1042,-93.99559357
3.142426759,3.404766035,,1043,8.348302001
7,7,,1044,0
11.75,13,,1045,10.63829787
3.15,3.069888468,,1046,-2.543223238
14,39.33443724,,1047,180.960266
7,7,,1048,0
7.097383212,8,,1049,12.71759973
4,2.376150865,,1050,-40.59622838
4.013126127,55.59427401,,1051,1285.310909
8,7.116164552,,1052,-11.0479431
7,7,,1053,0
4,3,,1054,-25
2,15,,1055,650
8.404272712,85.19989547,,1056,913.7688101
7,7,,1057,0
9,18.82986537,,1058,109.2207263
4,4,,1059,0
4,10,,1060,150
2.085832965,2.085832965,,1061,0
4,4,,1062,0
0.07,0.009803689,,1063,-85.99473
7,82.3654984,,1064,1076.649977
13,18.41034238,,1065,41.61801831
3,2,,1066,-33.33333333
2.04,100.0835714,,1067,4806.057422
4,3.038970218,,1068,-24.02574455
16.125,85.96900086,,1069,433.1410906
8,10,,1070,25
7,7,,1071,0
8,71.18230639,,1072,789.7788299
9.38,9.898243662,,1073,5.524985736
4.707769203,32.04813065,,1074,580.7498258
11.46214053,12,,1075,4.692487137
7,7,,1076,0
2,4,,1077,100
3,2.014132733,,1078,-32.86224223
2.03,41.47815759,,1079,1943.258995
3,3,,1080,0
4,3.153867591,,1081,-21.15331023
7,7,,1082,0
0.057937264,0.207644486,,1083,258.3953947
7.435179486,65.0583133,,1084,775.0066279
0.311930277,0.163391,,1085,-47.61938419
8,33.625,,1086,320.3125
4,66.73130844,,1087,1568.282711
8,21.0698886,,1088,163.3736075
0.01,0.064622981,,1089,546.22981
3.109333615,3.88433127,,1090,24.92487944
4,2.120172281,,1091,-46.99569298
13,64.2404174,,1092,394.1570569
2.019692073,2.02903567,,1093,0.462624829
7,7,,1094,0
0.637347685,0.387078745,,1095,-39.26725489
12.125,20.13436358,,1096,66.05660685
0.334223723,0.334223723,,1097,0
15,15,,1098,0
15,15,,1099,0
6.071536112,14.375,,1100,136.7605122
2.01,2.094848984,,1101,4.221342488
7,2.534757536,,1102,-63.78917806
0.02,0.437456593,,1103,2087.282965
9,16.43849931,,1104,82.64999233
8,63.97215466,,1105,699.6519333
4,4,,1106,0
4,2.433122211,,1107,-39.17194473
4,3.703871803,,1108,-7.403204925
2.000278548,2.058901054,,1109,2.930717127
8,80.12513801,,1110,901.5642251
2,2,,1111,0
7.13,7.084310476,,1112,-0.640806788
2,0.307891469,,1113,-84.60542655
7,92.51687968,,1114,1221.66971
17,17,,1115,0
7,2,,1116,-71.42857143
4,3,,1117,-25
4.015055207,4.022930127,,1118,0.196134788
15,7.015688301,,1119,-53.22874466
3,2.088949269,,1120,-30.3683577
4,2.176994895,,1121,-45.57512763
2.153090017,2.140802009,,1122,-0.570715014
7.2,12.75,,1123,77.08333333
3,2.219301077,,1124,-26.02329743
7,7,,1125,0
8,17.375,,1126,117.1875
2.019051552,2.029951059,,1127,0.539833022
13,18.51281832,,1128,42.40629477
10,26.375,,1129,163.75
10,10,,1130,0
3,0.23184338,,1131,-92.27188733
7,2,,1132,-71.42857143
21.25,30.625,,1133,44.11764706
7,15,,1134,114.2857143
2.08,2.227207789,,1135,7.077297548
15,15,,1136,0
2,0.212977887,,1137,-89.35110565
4,3.014607623,,1138,-24.63480943
3.158337604,13,,1139,311.6089421
2.080447386,2.350064258,,1140,12.95956215
13,13,,1141,0
9,12.32954899,,1142,36.99498878
8,74.12471654,,1143,826.5589568
7.058109874,69.01361335,,1144,877.7917117
7,7,,1145,0
7,2,,1146,-71.42857143
19.125,9,,1147,-52.94117647
3,0.570487905,,1148,-80.9837365
8,57.21672224,,1149,615.209028
8,12,,1150,50
2,0.125404484,,1151,-93.7297758
4,4,,1152,0
9.875,32.375,,1153,227.8481013
12,54.98783994,,1154,358.2319995
2.091342828,2.018088152,,1155,-3.502757894
14,14,,1156,0
2,0.374499527,,1157,-81.27502365
9,9.529789502,,1158,5.886550022
10.10543191,10.10543191,,1159,0
7.306674689,7.107295751,,1160,-2.728723345
3,2.038241985,,1161,-32.0586005
3.966810755,4,,1162,0.836673263
4,2.601147725,,1163,-34.97130688
9,25.625,,1164,184.7222222
8.019411457,9,,1165,12.22768713
2,2,,1166,0
8,9,,1167,12.5
2.140292422,2.096313806,,1168,-2.054794735
20.375,45.21724012,,1169,121.9251049
1.015766957,66.24463924,,1170,6421.637545
13,21.03638886,,1171,61.81837585
2.027390669,2.08156428,,1172,2.672085446
7,7,,1173,0
3.393461406,3.115440814,,1174,-8.192832001
4,4,,1175,0
8.065266306,8.024285534,,1176,-0.508114307
4,2.087599467,,1177,-47.81001333
4,2.009723114,,1178,-49.75692215
8,62.05118715,,1179,675.6398394
17.375,73.47636809,,1180,322.8855717
4,2.394192737,,1181,-40.14518158
1,0.175334049,,1182,-82.4665951
2.005142513,60.88232732,,1183,2936.309236
14,14,,1184,0
12,75.89114577,,1185,532.4262148
14,12.27999831,,1186,-12.28572636
3.012642547,3.148921269,,1187,4.523560956
8,65.31581689,,1188,716.4477111
4,4,,1189,0
2.09,88.06945298,,1190,4113.849425
7,0.997440537,,1191,-85.75084947
7.188601263,40.80361937,,1192,467.6155608
3,2.359422933,,1193,-21.3525689
12,89.60693208,,1194,646.724434
7,7,,1195,0
7.191434563,10,,1196,39.05431402
8,26.7888006,,1197,234.8600075
15.25,32.55351881,,1198,113.4656971
4.009564185,4.022467058,,1199,0.321802381
4,2.003229267,,1200,-49.91926833
7,7,,1201,0
8,7.093530425,,1202,-11.33086969
4,4,,1203,0
4,4,,1204,0
2.063111659,2.047534699,,1205,-0.755022634
7,7,,1206,0
3.045137191,3.114374046,,1207,2.273685902
3.45,28.0269331,,1208,712.3748725
3.08437257,80.67243628,,1209,2515.521778
7,30.00972301,,1210,328.7103287
9.480084257,15,,1211,58.22644181
7,7,,1212,0
2.028639452,86.0183739,,1213,4140.20019
4,2.064348758,,1214,-48.39128105
7.75,69.09752976,,1215,791.5810292
2.353681137,2.284097674,,1216,-2.95636745
7,7,,1217,0
4,3.043097381,,1218,-23.92256548
