Expected Tenure 1,Expected Tenure 2,,,,,
12.375,33.25,,,t-Test: Paired Two Sample for Means,,
7,16.75,,,,,
2.135751111,2.133526205,,,,12.375,33.25
7,8.375,,,Mean,6.130265659,14.03602257
4,0.352655198,,,Variance,22.37931395,464.6628251
0.12,0.306390018,,,Observations,99,99
9,15,,,Pearson Correlation,0.372342637,
7.08,52.55342795,,,Hypothesized Mean Difference,0,
4,53.95618247,,,df,98,
7,5.014208124,,,t Stat,-3.879588642,
2.126225918,2.181081873,,,P(T<=t) one-tail,9.48128E-05,
2.359955731,2.394882851,,,t Critical one-tail,1.660551217,
9.875,15,,,P(T<=t) two-tail,0.000189626,
2.040951431,2.248444633,,,t Critical two-tail,1.984467455,
1,0.022649328,,,,,
8.359080095,9.228514766,,,,,
4,2.191428645,,,,,
2.036924523,2.037524471,,,,,
7,7,,,,,
0.02,0.234844513,,,,,
15,15,,,,,
8,8,,,,,
7,10,,,,,
7,7,,,,,
4,1.315680994,,,,,
7,2.075641508,,,,,
2,0.37249663,,,,,
3.025581389,3.236586151,,,,,
2.036655046,35.84838706,,,,,
2,1.223782719,,,,,
8,10,,,,,
0.03,0.434573818,,,,,
0.05,0.328193708,,,,,
10,10,,,,,
12.25,22.125,,,,,
7,7,,,,,
4,0.089878953,,,,,
7,7,,,,,
0.006201174,0.648978928,,,,,
3.12,3.067878369,,,,,
7,2.334826731,,,,,
3,72.3936383,,,,,
15,15,,,,,
8,14,,,,,
2.01140975,2.112165882,,,,,
8,30.76587635,,,,,
6.55,10,,,,,
9,9,,,,,
9,6.218412002,,,,,
15,7,,,,,
2,7,,,,,
5.75,22.75,,,,,
3,0.485631191,,,,,
2.12,2.19492154,,,,,
3.194559476,3.034859739,,,,,
4.125,13,,,,,
1.164446117,1.164446117,,,,,
7,14,,,,,
1.047845743,0.362644062,,,,,
12.625,12.625,,,,,
18.375,91.8040614,,,,,
2,0.570163704,,,,,
7,2.696943973,,,,,
7,2.247415447,,,,,
8,50.43663294,,,,,
4.427732255,106.3569732,,,,,
7,7,,,,,
11,48.07927184,,,,,
2.14825945,2.560882788,,,,,
7,4.97996288,,,,,
3,0.201624315,,,,,
4,2.419049956,,,,,
19.125,49.06307443,,,,,
7,7,,,,,
8,8,,,,,
8,62.26644498,,,,,
10,10,,,,,
9,9.875,,,,,
7,7,,,,,
2.264968507,2.465607258,,,,,
7,4.07272238,,,,,
10.43188864,11.28996753,,,,,
2.06,2.995896262,,,,,
0.2198918,0.074967905,,,,,
13,51.76844986,,,,,
7,0.310827814,,,,,
7,7,,,,,
7,7,,,,,
2.047335649,90.08539275,,,,,
0.03,0.207866008,,,,,
29.625,47.625,,,,,
7,3.902237747,,,,,
4,4,,,,,
2,0.408647022,,,,,
4,3.011235272,,,,,
7.26,21.375,,,,,
0.09,0.701062414,,,,,
12.53063647,12.90533048,,,,,
7,9.25,,,,,
7,49.36825966,,,,,
4.198519774,82.60580516,,,,,
2.516970953,1.045507958,,,,,
11,18.25494682,,,,,
3,2.171035964,,,,,
3,2.685568222,,,,,
9.875,68.12482889,,,,,
13,27.55992997,,,,,
3,2.498055693,,,,,
13,46.38608345,,,,,
8,2.171011135,,,,,
9,60.58860258,,,,,
13,13,,,,,
7,2.274481682,,,,,
4,82.74671278,,,,,
8,24.75,,,,,
7,2.020896766,,,,,
3.255318327,3.39988093,,,,,
7,7,,,,,
4,4,,,,,
4,0.570138305,,,,,
8,8.683206984,,,,,
16.625,12,,,,,
26.375,52.83502141,,,,,
9.418822514,9.332458922,,,,,
9.75,12,,,,,
9.75,90.40048477,,,,,
2,0.338882349,,,,,
2,0.496728628,,,,,
11,14,,,,,
4.5,14.75,,,,,
2.15,37.22379273,,,,,
2.042075177,18.7271221,,,,,
2.196687141,2.052508335,,,,,
7,4,,,,,
2,87.28545583,,,,,
7,7,,,,,
8,13,,,,,
9,15,,,,,
7,7,,,,,
4,48.82956171,,,,,
2.124821179,2.702372289,,,,,
9.625,16.125,,,,,
18.25,33.5432241,,,,,
4.439457746,4.493941333,,,,,
2.09,2.047811613,,,,,
2,1.297713493,,,,,
13.06384317,13.2661754,,,,,
2.026874946,2.157075676,,,,,
4,2.054709149,,,,,
4,2.439184925,,,,,
4,2.062605924,,,,,
3,3,,,,,
8,12.41565174,,,,,
10,10,,,,,
15.75,15.75,,,,,
9,47.13778873,,,,,
15,10,,,,,
,47.78512841,,,,,
7,11.24525438,,,,,
13,8.831894821,,,,,
8.159282185,77.14624351,,,,,
7,2.358949288,,,,,
3,52.14173182,,,,,
7,0.494525521,,,,,
0.01,9,,,,,
7,2.010425787,,,,,
2.08,77.4224133,,,,,
7,10.875,,,,,
3.17,7,,,,,
4,2.046227953,,,,,
2.029684233,1.254670265,,,,,
4,45.09669931,,,,,
2.03,14,,,,,
7,79.87492672,,,,,
13.75,8,,,,,
8,9.434189217,,,,,
15,7,,,,,
7,8.875,,,,,
7.41,3,,,,,
3,42.04069394,,,,,
11,2.177072488,,,,,
2.150543126,9,,,,,
15,15,,,,,
10.32664467,9,,,,,
6,0.134259765,,,,,
2,9,,,,,
9,11.86789059,,,,,
10,8,,,,,
8,2.030389169,,,,,
4,2.207752463,,,,,
2.073213184,7,,,,,
7,15,,,,,
15,69.91149639,,,,,
3.300481564,2.302429073,,,,,
2.407784537,2.109986761,,,,,
2.012728722,0.038778347,,,,,
0.06,81.84896863,,,,,
12.75,7,,,,,
7,2.269704101,,,,,
2.357486033,49.85184214,,,,,
2.04,79.94281202,,,,,
15.25,1.02710772,,,,,
2,2.521525837,,,,,
2.681700706,6.132197222,,,,,
7,91.46204397,,,,,
5,2.30748327,,,,,
4,2.110983486,,,,,
3,2.240412614,,,,,
2.079089447,7,,,,,
7,10,,,,,
15,0.1840643,,,,,
2,1.248348986,,,,,
1.256897569,65.29046225,,,,,
8,3,,,,,
3,7.103394199,,,,,
15,0.411705185,,,,,
1,2,,,,,
7,3.333805885,,,,,
7,8.508712352,,,,,
7.140804354,67.4117634,,,,,
13,10.26919801,,,,,
10.26919801,2.02026315,,,,,
2.006543398,74.68879253,,,,,
4.041814707,2.013767905,,,,,
2.002846038,7,,,,,
7,12,,,,,
8,7,,,,,
7,30.5,,,,,
5.411898321,7,,,,,
7,7,,,,,
7,20.625,,,,,
20.5,19,,,,,
8,50.52118467,,,,,
7,3.093317283,,,,,
7,65.33773241,,,,,
12,2.015368225,,,,,
7,4,,,,,
4,7,,,,,
7,2,,,,,
2,2.923008794,,,,,
3,2.035255732,,,,,
2.184686544,7,,,,,
7,10,,,,,
17.25,0.065699098,,,,,
0.09,2,,,,,
2,11.625,,,,,
11.75,0.180000391,,,,,
0.293380677,7,,,,,
7,40.12179027,,,,,
7,27.84944313,,,,,
10,9,,,,,
8,54.76025035,,,,,
8,88.21573025,,,,,
8.78,3.038663146,,,,,
7,4,,,,,
4,2.237180422,,,,,
2.372811961,9.935377601,,,,,
10.73739804,24.39706366,,,,,
2.182585781,7,,,,,
7,10,,,,,
10,33.78534143,,,,,
7,7,,,,,
7,4,,,,,
4,89.68284946,,,,,
18,8,,,,,
4.181560845,14,,,,,
9,46.100985,,,,,
7,34.60219768,,,,,
8,12,,,,,
14.375,15,,,,,
15,9,,,,,
9,7,,,,,
7,13,,,,,
7.03,73.62518318,,,,,
7,3.529682746,,,,,
3.00729369,0.258538425,,,,,
0.007240685,26.49247852,,,,,
19.375,3.14020375,,,,,
7,2.044487822,,,,,
2.035178296,10,,,,,
8,3,,,,,
3,11.62499435,,,,,
11.77511568,18,,,,,
18,37.52952097,,,,,
14,7,,,,,
7,2.280402807,,,,,
2.216219177,5,,,,,
5,0.183122984,,,,,
0.04,7,,,,,
7,55.58484144,,,,,
3.070954826,2.092050992,,,,,
2.289369647,1,,,,,
1,0.201267801,,,,,
7,53.26598896,,,,,
7.343111876,2.14748499,,,,,
3,66.9512379,,,,,
8,0.428512246,,,,,
7,0.564691817,,,,,
2,15.375,,,,,
9,10,,,,,
7,76.01554618,,,,,
7,2.090363102,,,,,
2.079377707,59.49792626,,,,,
4.738664792,0.270263533,,,,,
0.04,10,,,,,
7,2.03079085,,,,,
2.125,4,,,,,
4,1.326403096,,,,,
1.083316557,2.510788528,,,,,
2.105730685,5.119588213,,,,,
7,7,,,,,
7,47.34707419,,,,,
7,39.65982276,,,,,
4,7,,,,,
7,2.345986465,,,,,
3,0.31870862,,,,,
0.01,1.220109655,,,,,
2,10,,,,,
15,9.008336022,,,,,
7.33,4.149086674,,,,,
4.08954433,2.757460982,,,,,
3,0.86587353,,,,,
2,11.29526256,,,,,
15,0.317226995,,,,,
2,10,,,,,
7,2.085156057,,,,,
2.04890135,11.14282165,,,,,
17.25,2.104999161,,,,,
4,7,,,,,
7,8.125,,,,,
7,78.50915637,,,,,
11,2.035761089,,,,,
2.21,10,,,,,
15,7.002577827,,,,,
7.973392157,4.069007168,,,,,
4.011319351,8,,,,,
8,1,,,,,
1,4.333892243,,,,,
7,29.16927988,,,,,
2.06,15,,,,,
7,17.5,,,,,
4,96.60475077,,,,,
4.587942692,9,,,,,
9,88.84547338,,,,,
9,7,,,,,
7,0.469675508,,,,,
0.124082838,49.88031191,,,,,
22.5,2.084072372,,,,,
2.109457039,3.346416355,,,,,
3.09,7,,,,,
7,10,,,,,
9.100242844,7,,,,,
7,10.72317711,,,,,
10.0491542,7.147556294,,,,,
7.124871478,27.375,,,,,
13.35138481,1,,,,,
2,10,,,,,
7,66.77512339,,,,,
4.185220514,0.412160397,,,,,
0.03,7,,,,,
7,2.454039748,,,,,
7,45.69487982,,,,,
8,2.050264432,,,,,
3,16,,,,,
7.16,11.375,,,,,
2.158346977,8,,,,,
7,67.35167876,,,,,
7.485247545,9.054540896,,,,,
10,7,,,,,
7,27.25,,,,,
27.125,7,,,,,
7,4,,,,,
4,8,,,,,
7,21.06303182,,,,,
15,53.22389643,,,,,
9,2.277981021,,,,,
7,7,,,,,
7,82.9056401,,,,,
4.300260645,7,,,,,
2,10,,,,,
7.04,0.089456409,,,,,
1,5.875,,,,,
7,8,,,,,
8,10.375,,,,,
7,7,,,,,
7,7,,,,,
7,72.54446971,,,,,
10.75,2.75,,,,,
2.018572517,0.441210406,,,,,
7,50.43241887,,,,,
7.625,10,,,,,
10,72.38621451,,,,,
5,3.020131285,,,,,
4,0.269673297,,,,,
0.01,7,,,,,
7,4.110991517,,,,,
4.010871441,76.97344306,,,,,
7,2.013606145,,,,,
2.013606145,14,,,,,
7.065122704,12.39699939,,,,,
13,10,,,,,
4,0.434600131,,,,,
4,7,,,,,
7,10,,,,,
7,0.484215292,,,,,
0.066322645,26.375,,,,,
7.75,7,,,,,
7,2.211386452,,,,,
2.601862199,2.316210895,,,,,
7,2.216331775,,,,,
3,10,,,,,
7,2.037335519,,,,,
4,1.783202321,,,,,
2,58.25151349,,,,,
5.192980149,0.414566469,,,,,
2,9,,,,,
9,23.13609491,,,,,
13,60.57912533,,,,,
4,9,,,,,
9,2.504237504,,,,,
4,78.51830774,,,,,
11,12.5,,,,,
11,9,,,,,
7.51,2.112932335,,,,,
2.01572371,2.017078385,,,,,
2.008740555,0.114673128,,,,,
0.01,26.61410074,,,,,
2.011965881,2.038457187,,,,,
4,13.875,,,,,
14,13.75,,,,,
7,2.471473771,,,,,
4,29.375,,,,,
10,0.444045235,,,,,
0.121858032,8.242523968,,,,,
8.043639393,8,,,,,
8,7.828848495,,,,,
9.998629162,8,,,,,
8,64.25844103,,,,,
7,8,,,,,
8,10.09240282,,,,,
15,12,,,,,
12.125,25.125,,,,,
13,7,,,,,
7,7,,,,,
7,2.2606113,,,,,
4,10,,,,,
15,7.638691006,,,,,
15,2.012575644,,,,,
2.05,8.459957349,,,,,
8.11,0.127375141,,,,,
7,2.27120872,,,,,
7,15,,,,,
7,87.91401033,,,,,
19.25,0.046674831,,,,,
0.05,4,,,,,
4,2,,,,,
7,4,,,,,
3.40272448,3.462688023,,,,,
3.443538659,11.625,,,,,
11.625,2.101920925,,,,,
4,7,,,,,
7,59.3390689,,,,,
2.059250926,2.150084355,,,,,
2.05,0.536015372,,,,,
7,23.625,,,,,
8,0.078263067,,,,,
2,0.266913851,,,,,
2,7,,,,,
7,77.26950658,,,,,
5,53.72873101,,,,,
7.06,77.01696509,,,,,
4,61.4328003,,,,,
5.663570912,8,,,,,
8,90.23654478,,,,,
3.116364353,2.274391199,,,,,
2.085509924,87.21820293,,,,,
11.5,2.222776139,,,,,
4,3.371297755,,,,,
3.015060342,2.151554111,,,,,
3,3.540372577,,,,,
3.09,7.647933385,,,,,
7.35,7,,,,,
7,69.75903249,,,,,
2.247636687,80.76410878,,,,,
2.05,28.9299102,,,,,
7.17,4,,,,,
4,7.367357367,,,,,
15,0.009786108,,,,,
0.016879226,4,,,,,
4,10,,,,,
7,11.68744753,,,,,
15,15,,,,,
15,80.72407623,,,,,
9,81.50845391,,,,,
7,2.062781796,,,,,
2.062781796,9,,,,,
3.271042348,2.522664909,,,,,
2.097968374,61.67082515,,,,,
13,2,,,,,
2,0.450188327,,,,,
2,0.273084491,,,,,
4,37.13260775,,,,,
20.5,3.197518454,,,,,
7,2.145162427,,,,,
4,10,,,,,
7,15,,,,,
15,7,,,,,
7,15,,,,,
7.19,2.239834002,,,,,
2.082925892,0.063142906,,,,,
0.025872732,7,,,,,
7,2.656268955,,,,,
4,3.375,,,,,
3.105627363,73.30424987,,,,,
17,72.59935521,,,,,
5,,,,,,
3,2.077823651,,,,,
6,5.875,,,,,
7,7,,,,,
7,4.195516715,,,,,
4,3.047563951,,,,,
8,14,,,,,
4,0.40826971,,,,,
2,1.635508065,,,,,
2.132305807,63.51955065,,,,,
2.029516413,2.158361639,,,,,
2,2,,,,,
4.015993711,13,,,,,
4,4,,,,,
14,77.04273795,,,,,
1,0.800993084,,,,,
4,2.569292159,,,,,
2.031756969,2.044150198,,,,,
2.098786261,2.098786261,,,,,
8,17.875,,,,,
2.02,40.94175733,,,,,
4,3.838485947,,,,,
4,49.76811316,,,,,
7,2,,,,,
10,36.58555892,,,,,
4,70.42786508,,,,,
14,14,,,,,
7,2.216822597,,,,,
7,7,,,,,
7,7,,,,,
7,10,,,,,
4.176441149,7,,,,,
3.142862285,3.042670075,,,,,
3.103749656,3.212448979,,,,,
13,13,,,,,
3,2.012359277,,,,,
2,0.390109239,,,,,
8.014571714,8.250427065,,,,,
3,3,,,,,
2.009052069,32.50543017,,,,,
4,1.090401619,,,,,
1,0.441887743,,,,,
4.008889774,8,,,,,
2.119755513,2.137068937,,,,,
7,3.468682244,,,,,
7,44.31278007,,,,,
7,7,,,,,
9.043122322,10.29683728,,,,,
0.052398483,1.016540463,,,,,
8,80.62400312,,,,,
4,2.210683991,,,,,
15,13.50670011,,,,,
1,2,,,,,
2,0.60002521,,,,,
8,24,,,,,
8,41.16030708,,,,,
9.75,55.00550491,,,,,
2,19.875,,,,,
8,8,,,,,
7,7,,,,,
7,81.46947202,,,,,
3,1.166563492,,,,,
4,2.145054147,,,,,
8.24,15,,,,,
39.625,15,,,,,
7,7,,,,,
7,4,,,,,
9,17.54163939,,,,,
8,10,,,,,
14.25,20.41981699,,,,,
7,85.95546234,,,,,
8.529364638,8.154810491,,,,,
4,2.09248861,,,,,
3.255273255,3.311333496,,,,,
7,10,,,,,
7,7,,,,,
16,27.375,,,,,
2.0010739,2.266454508,,,,,
8,46.77370885,,,,,
4,4,,,,,
1.04,1.04969489,,,,,
12,78.87180057,,,,,
3,2.017402275,,,,,
3.299741842,32.125,,,,,
0.119095218,0.129659266,,,,,
8,14,,,,,
10,14,,,,,
7.650501396,8.962141283,,,,,
8,9,,,,,
4,21.5119314,,,,,
7,2.154784028,,,,,
11,95.78230912,,,,,
2.1,81.20832344,,,,,
7,9,,,,,
2.001178842,2.034660557,,,,,
2.093270687,2.07991821,,,,,
2,10,,,,,
0.02,0.287490668,,,,,
7,7,,,,,
11.25,29.375,,,,,
16,65.03294405,,,,,
0.04,1.174768108,,,,,
11.08016709,14,,,,,
7.241328676,8.00449076,,,,,
8,9,,,,,
2.021785495,87.28479922,,,,,
7,7,,,,,
7.04,13,,,,,
7,7,,,,,
7,7,,,,,
3.153870258,3.062631886,,,,,
7.293750602,8.207969303,,,,,
2,62.69085522,,,,,
0.02,0.138833061,,,,,
2.202171701,2.148169651,,,,,
7,15,,,,,
3.0502196,3.0502196,,,,,
8,71.67227122,,,,,
3.314621002,3.052009767,,,,,
15,7,,,,,
7,7,,,,,
4,6.5,,,,,
9,8.455722218,,,,,
7.24,8.609717808,,,,,
3,0.632479323,,,,,
13,66.3612509,,,,,
4,3.074440267,,,,,
2.538028307,2.25136348,,,,,
7,7,,,,,
9.687149438,9.976522469,,,,,
10.375,84.46489421,,,,,
2.096488266,2.241494671,,,,,
7,7,,,,,
11.75,11.75,,,,,
7,2.067519789,,,,,
2.039756731,2.09316738,,,,,
7,2.327080332,,,,,
2,0.257655707,,,,,
7,15,,,,,
8,2.066124845,,,,,
2,0.020480473,,,,,
7,7,,,,,
10,58.64535745,,,,,
7,7,,,,,
7.19,10,,,,,
5.01,5.147045887,,,,,
9.75,9,,,,,
15,15,,,,,
2,0.417501058,,,,,
7.01,9,,,,,
15,15,,,,,
2.07,2.172431319,,,,,
4.217614198,4.217614198,,,,,
9,91.79688027,,,,,
2.358334935,3.875,,,,,
4,3.218532868,,,,,
3,3,,,,,
9,15,,,,,
3,30,,,,,
5,10,,,,,
3,0.619383127,,,,,
12,57.95331298,,,,,
7,7,,,,,
2,2,,,,,
4,0.547659818,,,,,
7,2.227931178,,,,,
2.185265625,2.049784153,,,,,
6,7,,,,,
4.03,8,,,,,
15,7.11261628,,,,,
4.032294102,4.03235367,,,,,
4,0.296608991,,,,,
4,4,,,,,
13,43.24434399,,,,,
8,10,,,,,
3,1.737769836,,,,,
7.034354333,12,,,,,
21.375,39.5,,,,,
2.056105713,2.414005865,,,,,
0.280383793,0.149470451,,,,,
7,7,,,,,
8,89.71839923,,,,,
1.049339044,1.196439885,,,,,
2.017074905,68.47890942,,,,,
8.335183793,14,,,,,
2.025690376,2.11264616,,,,,
10,15,,,,,
4,92.88008073,,,,,
38,18.07349971,,,,,
0.07,0.251883293,,,,,
7,26.35110392,,,,,
3.305047992,39.7483299,,,,,
2,0.184530194,,,,,
7,2.310900391,,,,,
5,38.05360087,,,,,
7,2.686019396,,,,,
7,63.6735405,,,,,
7,9,,,,,
13,20.19194614,,,,,
7.102617722,7.402755025,,,,,
11.85331182,11.68546913,,,,,
2,2,,,,,
7,3.026415415,,,,,
3.09628375,3.222594964,,,,,
7.022436676,7.8336444,,,,,
2.125,2.455442579,,,,,
10,10,,,,,
7.063576105,10,,,,,
10,17.93486575,,,,,
3,2,,,,,
4,72.50753114,,,,,
13,28.93367287,,,,,
7,0.513436236,,,,,
7,7,,,,,
10.375,46.42146659,,,,,
7,7,,,,,
8,7,,,,,
2.010676534,12.11783528,,,,,
15,9.070154398,,,,,
7,9.125,,,,,
9,69.79489459,,,,,
4,4,,,,,
15,7.097456176,,,,,
7,15,,,,,
10,28.67333578,,,,,
0.02,0.280061204,,,,,
3.230114573,5.123629065,,,,,
7,7,,,,,
7,10,,,,,
10,10,,,,,
2,0.06860601,,,,,
10,10,,,,,
11.75,68.19474333,,,,,
0.369116305,0.130232087,,,,,
0.217241689,0.236259554,,,,,
5.52,7,,,,,
9.145771748,9.012088873,,,,,
7,10,,,,,
4,2.065305203,,,,,
10.01608184,11.81516614,,,,,
7,9,,,,,
8.079639775,33.125,,,,,
4,2.090042594,,,,,
15,11.16254758,,,,,
9.25,27.625,,,,,
4,2.045964164,,,,,
2,0.045351307,,,,,
7.114756602,12,,,,,
2.053268508,9.875,,,,,
2,7,,,,,
7,4.378262268,,,,,
2.147406551,2.147406551,,,,,
2.061774397,3.375,,,,,
8,35.06417491,,,,,
7,15,,,,,
9.040046664,9.642467049,,,,,
2.07,87.20221384,,,,,
7,7,,,,,
7.67,14,,,,,
7,7,,,,,
8,47.41079298,,,,,
7,7,,,,,
7,7,,,,,
11.75,43.45704042,,,,,
9,9,,,,,
7,2.659798356,,,,,
14,8.065754001,,,,,
10,10,,,,,
7,7,,,,,
2.116727422,2.183966247,,,,,
9,15,,,,,
16,79.06573627,,,,,
3.095426526,4.727100916,,,,,
7,7,,,,,
9.263934313,11.0170402,,,,,
7,62.30025931,,,,,
9,79.40399334,,,,,
4,2.203557879,,,,,
4,2.151500032,,,,,
9.204014956,8.306913985,,,,,
12.25,12.25,,,,,
3,0.125231618,,,,,
7,2.994009035,,,,,
0.02,0.125134562,,,,,
7.74,35.73509452,,,,,
3,3,,,,,
16,61.43847728,,,,,
7,50.52684228,,,,,
18.625,40.92969404,,,,,
7.246082794,55.896376,,,,,
2.15191925,2.372572323,,,,,
11,28.79394687,,,,,
4,3.050513841,,,,,
4.040958665,10,,,,,
7,7,,,,,
2.003826348,2.369490122,,,,,
6.25,13,,,,,
8,12,,,,,
4,2.112600639,,,,,
7,10,,,,,
3,3,,,,,
4,3.437883706,,,,,
7.127628652,7.205928117,,,,,
4,4,,,,,
3.081247554,3.314575424,,,,,
7.030591482,15,,,,,
9,67.98595434,,,,,
3,2.060997334,,,,,
2.03599749,2.142212825,,,,,
2.073457541,2.005213481,,,,,
7,87.62539186,,,,,
14,15,,,,,
9,9,,,,,
15,14,,,,,
7.181153677,7.005438561,,,,,
4.085222521,4.085222521,,,,,
3,2.566024988,,,,,
7,3.885735066,,,,,
3.030291095,14.375,,,,,
2,1.095836913,,,,,
7,4.368479161,,,,,
4,2.030535461,,,,,
5,32.22683396,,,,,
7,102.5231876,,,,,
4,34.84417517,,,,,
17,90.41520534,,,,,
9.5,48.48825901,,,,,
4,4,,,,,
9,9,,,,,
3,13,,,,,
9,75.84988549,,,,,
8.280466419,15,,,,,
7,12,,,,,
2.033753183,2.033753183,,,,,
2,2,,,,,
3,2.429853575,,,,,
8.007320294,11.09841638,,,,,
4.117107424,78.05062379,,,,,
2.03746136,2.353723561,,,,,
15,8.390295541,,,,,
7,2.092165461,,,,,
2,2,,,,,
4,2.31710514,,,,,
4,28,,,,,
9.051190703,9.381412422,,,,,
4,10,,,,,
9,12.25,,,,,
2,0.38118683,,,,,
0.04,0.266677853,,,,,
9.375,10,,,,,
8.432528328,66.18402631,,,,,
15,9,,,,,
0.005572501,0.079726315,,,,,
0.04,0.257871051,,,,,
7,2.154463454,,,,,
8,74.62612393,,,,,
3.03940537,3.028819483,,,,,
2.210557729,2.108331129,,,,,
13,13,,,,,
4.157345172,82.56692351,,,,,
0.013976258,0.193112506,,,,,
3,2.075658321,,,,,
4,2.119778817,,,,,
3,2.401608712,,,,,
8,10,,,,,
0.028608591,0.003426397,,,,,
4,4,,,,,
9,11.75,,,,,
7,14,,,,,
2,2,,,,,
15,15,,,,,
8,87.94863637,,,,,
4,4,,,,,
20.5,20.625,,,,,
7,7,,,,,
13,13.1815517,,,,,
1.188816908,0.476209768,,,,,
9,9,,,,,
7.1,8.846225759,,,,,
3.651610217,88.34002337,,,,,
13,12.60422846,,,,,
8.442248381,8.284602278,,,,,
4.018926493,4.614211182,,,,,
14,78.83764654,,,,,
8.167095077,8.449961734,,,,,
1.135373541,1.011116703,,,,,
7,2.005271476,,,,,
20.75,64.07560558,,,,,
3.014527782,3.534794285,,,,,
2,2,,,,,
3,2.112185454,,,,,
7.041800779,44.24294989,,,,,
2,0.216396729,,,,,
2.59,2.155151367,,,,,
3.001435155,3.123765449,,,,,
2,2,,,,,
4,2.061892973,,,,,
6.125,84.97106943,,,,,
7,4.26976652,,,,,
0.01,0.233073869,,,,,
7,7,,,,,
2.052375977,2.131809145,,,,,
0.178600632,0.178600632,,,,,
8.495955827,38.25776781,,,,,
4,2.237364216,,,,,
2,0.582294951,,,,,
9,66.11347869,,,,,
7,7,,,,,
8,7,,,,,
7,7,,,,,
2,15,,,,,
2.076150875,42.428746,,,,,
2.40775683,2.022085334,,,,,
7,7,,,,,
12,83.23020074,,,,,
7,7,,,,,
4.355929251,35.51348562,,,,,
6,9,,,,,
0.03,0.619398125,,,,,
10,10,,,,,
2.009580839,2.661942863,,,,,
9.7823957,12,,,,,
2.00697573,61.94057918,,,,,
10,10,,,,,
5.25,16.04062447,,,,,
7,92.0405655,,,,,
8,82.83091422,,,,,
3,2.136030441,,,,,
2.215890155,38.28039229,,,,,
8,32.5,,,,,
6.1,7,,,,,
8,10,,,,,
7,53.08864888,,,,,
15,102.7607991,,,,,
10.625,69.24397745,,,,,
4,94.53817207,,,,,
7,10,,,,,
15.625,33.31630111,,,,,
15,82.16917719,,,,,
11,38.25616492,,,,,
4,87.2455669,,,,,
8,7,,,,,
9,9,,,,,
7,7,,,,,
8,4.25717851,,,,,
2.35971929,2.679005041,,,,,
7,12,,,,,
7,10,,,,,
3.114084575,3.401515002,,,,,
2.13,86.20585813,,,,,
4,2.015358001,,,,,
4,4,,,,,
7,2.092530089,,,,,
8.875,9,,,,,
8,8,,,,,
6.592386744,10,,,,,
15,12.57081832,,,,,
2.097141279,2.097141279,,,,,
8.090087363,64.06138381,,,,,
4,3.27449286,,,,,
15,15,,,,,
2.082327799,51.02000406,,,,,
7,7,,,,,
10,15,,,,,
15,12.78937067,,,,,
13,26.125,,,,,
7,7,,,,,
3,3,,,,,
5.092951273,5.334173385,,,,,
2,0.738513836,,,,,
2.06,2.334212826,,,,,
3.02590813,3.301235732,,,,,
7,14,,,,,
7.12,7.033518933,,,,,
2,2,,,,,
2.097274443,82.03481654,,,,,
5,52.44334188,,,,,
2.672980699,2.023518838,,,,,
7,2.010895474,,,,,
0.309497414,0.023333189,,,,,
7,7,,,,,
7,41.72610032,,,,,
3,2.377833395,,,,,
10.28685344,37.44754204,,,,,
7,0.914649583,,,,,
11,41.17758531,,,,,
7,3.199398929,,,,,
9,78.31515391,,,,,
8.22,48.74860269,,,,,
4.51,6.25,,,,,
9,10.12889223,,,,,
4,3.022994754,,,,,
8.274581152,72.69583048,,,,,
4,4,,,,,
7.04,7.271961284,,,,,
2.08,2.143191121,,,,,
7,7,,,,,
3,3.081548964,,,,,
2.626264084,2.270846371,,,,,
2.02,2.053394222,,,,,
2,0.377148728,,,,,
2.108885679,2.025924701,,,,,
7.625,7.5,,,,,
8,7.405102075,,,,,
8,8,,,,,
2,0.556230298,,,,,
7,7,,,,,
2.292112583,2.032964342,,,,,
4.151279585,7,,,,,
8,29.02514342,,,,,
4,10,,,,,
10,10,,,,,
2,0.798948462,,,,,
7,91.20509055,,,,,
2.039873068,9,,,,,
3,3,,,,,
4,4,,,,,
2.152083091,2.046689403,,,,,
8,10,,,,,
2,2,,,,,
9.375,9.375,,,,,
4,4,,,,,
2,1.167773529,,,,,
7,0.377869134,,,,,
7,7,,,,,
7,69.42750083,,,,,
7,0.42030845,,,,,
3.142426759,3.404766035,,,,,
7,7,,,,,
11.75,13,,,,,
3.15,3.069888468,,,,,
14,39.33443724,,,,,
7,7,,,,,
7.097383212,8,,,,,
4,2.376150865,,,,,
4.013126127,55.59427401,,,,,
8,7.116164552,,,,,
7,7,,,,,
4,3,,,,,
2,15,,,,,
8.404272712,85.19989547,,,,,
7,7,,,,,
9,18.82986537,,,,,
4,4,,,,,
4,10,,,,,
2.085832965,2.085832965,,,,,
4,4,,,,,
0.07,0.009803689,,,,,
7,82.3654984,,,,,
13,18.41034238,,,,,
3,2,,,,,
2.04,100.0835714,,,,,
4,3.038970218,,,,,
16.125,85.96900086,,,,,
8,10,,,,,
7,7,,,,,
8,71.18230639,,,,,
9.38,9.898243662,,,,,
4.707769203,32.04813065,,,,,
11.46214053,12,,,,,
7,7,,,,,
2,4,,,,,
3,2.014132733,,,,,
2.03,41.47815759,,,,,
3,3,,,,,
4,3.153867591,,,,,
7,7,,,,,
0.057937264,0.207644486,,,,,
7.435179486,65.0583133,,,,,
0.311930277,0.163391,,,,,
8,33.625,,,,,
4,66.73130844,,,,,
8,21.0698886,,,,,
0.01,0.064622981,,,,,
3.109333615,3.88433127,,,,,
4,2.120172281,,,,,
13,64.2404174,,,,,
2.019692073,2.02903567,,,,,
7,7,,,,,
0.637347685,0.387078745,,,,,
12.125,20.13436358,,,,,
0.334223723,0.334223723,,,,,
15,15,,,,,
15,15,,,,,
6.071536112,14.375,,,,,
2.01,2.094848984,,,,,
7,2.534757536,,,,,
0.02,0.437456593,,,,,
9,16.43849931,,,,,
8,63.97215466,,,,,
4,4,,,,,
4,2.433122211,,,,,
4,3.703871803,,,,,
2.000278548,2.058901054,,,,,
8,80.12513801,,,,,
2,2,,,,,
7.13,7.084310476,,,,,
2,0.307891469,,,,,
7,92.51687968,,,,,
17,17,,,,,
7,2,,,,,
4,3,,,,,
4.015055207,4.022930127,,,,,
15,7.015688301,,,,,
3,2.088949269,,,,,
4,2.176994895,,,,,
2.153090017,2.140802009,,,,,
7.2,12.75,,,,,
3,2.219301077,,,,,
7,7,,,,,
8,17.375,,,,,
2.019051552,2.029951059,,,,,
13,18.51281832,,,,,
10,26.375,,,,,
10,10,,,,,
3,0.23184338,,,,,
7,2,,,,,
21.25,30.625,,,,,
7,15,,,,,
2.08,2.227207789,,,,,
15,15,,,,,
2,0.212977887,,,,,
4,3.014607623,,,,,
3.158337604,13,,,,,
2.080447386,2.350064258,,,,,
13,13,,,,,
9,12.32954899,,,,,
8,74.12471654,,,,,
7.058109874,69.01361335,,,,,
7,7,,,,,
7,2,,,,,
19.125,9,,,,,
3,0.570487905,,,,,
8,57.21672224,,,,,
8,12,,,,,
2,0.125404484,,,,,
4,4,,,,,
9.875,32.375,,,,,
12,54.98783994,,,,,
2.091342828,2.018088152,,,,,
14,14,,,,,
2,0.374499527,,,,,
9,9.529789502,,,,,
10.10543191,10.10543191,,,,,
7.306674689,7.107295751,,,,,
3,2.038241985,,,,,
3.966810755,4,,,,,
4,2.601147725,,,,,
9,25.625,,,,,
8.019411457,9,,,,,
2,2,,,,,
8,9,,,,,
2.140292422,2.096313806,,,,,
20.375,45.21724012,,,,,
1.015766957,66.24463924,,,,,
13,21.03638886,,,,,
2.027390669,2.08156428,,,,,
7,7,,,,,
3.393461406,3.115440814,,,,,
4,4,,,,,
8.065266306,8.024285534,,,,,
4,2.087599467,,,,,
4,2.009723114,,,,,
8,62.05118715,,,,,
17.375,73.47636809,,,,,
4,2.394192737,,,,,
1,0.175334049,,,,,
2.005142513,60.88232732,,,,,
14,14,,,,,
12,75.89114577,,,,,
14,12.27999831,,,,,
3.012642547,3.148921269,,,,,
8,65.31581689,,,,,
4,4,,,,,
2.09,88.06945298,,,,,
7,0.997440537,,,,,
7.188601263,40.80361937,,,,,
3,2.359422933,,,,,
12,89.60693208,,,,,
7,7,,,,,
7.191434563,10,,,,,
8,26.7888006,,,,,
15.25,32.55351881,,,,,
4.009564185,4.022467058,,,,,
4,2.003229267,,,,,
7,7,,,,,
8,7.093530425,,,,,
4,4,,,,,
4,4,,,,,
2.063111659,2.047534699,,,,,
7,7,,,,,
3.045137191,3.114374046,,,,,
3.45,28.0269331,,,,,
3.08437257,80.67243628,,,,,
7,30.00972301,,,,,
9.480084257,15,,,,,
7,7,,,,,
2.028639452,86.0183739,,,,,
4,2.064348758,,,,,
7.75,69.09752976,,,,,
2.353681137,2.284097674,,,,,
7,7,,,,,
4,3.043097381,,,,,
6.415689786,17.59016163,,,,,
4.447217108,24.48960659,,,,,
#N/A,,,,,,
7,7,,,,,
7,7,,,,,
6.415689786,17.59016163,,,,,
,,,,,,
,,,,,,
174.1741297,,,,,,
