resource consumption_1,resource consumption_1,Employee,change ,,
43316,38118.08,1,-5197.92,-0.12,-12
35460,34750.8,2,-709.2,-0.02,-2
28691,28117.18,3,-573.82,-0.02,-2
22937,22019.52,4,-917.48,-0.04,-4
31958,31318.84,5,-639.16,-0.02,-2
24386,23410.56,6,-975.44,-0.04,-4
25529,25018.42,7,-510.58,-0.02,-2
36113,35390.74,8,-722.26,-0.02,-2
29714,28525.44,9,-1188.56,-0.04,-4
20028,20028,10,0,0,0
24751,24255.98,11,-495.02,-0.02,-2
19765,18579.1,12,-1185.9,-0.06,-6
27564,26461.44,13,-1102.56,-0.04,-4
33685,32337.6,14,-1347.4,-0.04,-4
23382,22446.72,15,-935.28,-0.04,-4
41667,40833.66,16,-833.34,-0.02,-2
11621,11621,17,-1.00044E-10,-8.60893E-15,-8.60893E-13
22916,21999.36,18,-916.64,-0.04,-4
37706,36951.88,19,-754.12,-0.02,-2
26904,26365.92,20,-538.08,-0.02,-2
39111,38328.78,21,-782.22,-0.02,-2
35689,34975.22,22,-713.78,-0.02,-2
21819,21382.62,23,-436.38,-0.02,-2
44474,44474,24,0,0,0
13090,13090,25,-1.00044E-10,-7.64281E-15,-7.64281E-13
32045,29481.4,26,-2563.6,-0.08,-8
23448,22979.04,27,-468.96,-0.02,-2
38841,38064.18,28,-776.82,-0.02,-2
15591,15591,29,-1.00044E-10,-6.41681E-15,-6.41681E-13
25343,24836.14,30,-506.86,-0.02,-2
27710,23830.6,31,-3879.4,-0.14,-14
21325,20898.5,32,-426.5,-0.02,-2
34296,32238.24,33,-2057.76,-0.06,-6
17695,16987.2,34,-707.8,-0.04,-4
22513,22062.74,35,-450.26,-0.02,-2
17667,17667,36,0,0,0
14657,14657,37,-1.00044E-10,-6.82571E-15,-6.82571E-13
36428,34970.88,38,-1457.12,-0.04,-4
10390,10390,39,0,0,0
17951,16514.92,40,-1436.08,-0.08,-8
27283,26191.68,41,-1091.32,-0.04,-4
34036,32674.56,42,-1361.44,-0.04,-4
35119,34416.62,43,-702.38,-0.02,-2
33953,29878.64,44,-4074.36,-0.12,-12
29158,28574.84,45,-583.16,-0.02,-2
24098,23616.04,46,-481.96,-0.02,-2
16797,15789.18,47,-1007.82,-0.06,-6
25466,24956.68,48,-509.32,-0.02,-2
15515,14894.4,49,-620.6,-0.04,-4
43430,42561.4,50,-868.6,-0.02,-2
14426,14426,51,-1.00044E-10,-6.93501E-15,-6.93501E-13
36521,35790.58,52,-730.42,-0.02,-2
52322,50229.12,53,-2092.88,-0.04,-4
38350,37583,54,-767,-0.02,-2
36850,36113,55,-737,-0.02,-2
20726,18238.88,56,-2487.12,-0.12,-12
38366,37598.68,57,-767.32,-0.02,-2
16987,15967.78,58,-1019.22,-0.06,-6
26358,26358,59,0,0,0
27114,26571.72,60,-542.28,-0.02,-2
28172,28172,61,-9.82254E-11,-3.48663E-15,-3.48663E-13
27852,27852,62,0,0,0
30104,30104,63,-9.82254E-11,-3.26287E-15,-3.26287E-13
31505,31505,64,-9.82254E-11,-3.11777E-15,-3.11777E-13
42319,41472.62,65,-846.38,-0.02,-2
23391,22455.36,66,-935.64,-0.04,-4
32976,32316.48,67,-659.52,-0.02,-2
33351,33351,68,0,0,0
37442,36693.16,69,-748.84,-0.02,-2
39619,38826.62,70,-792.38,-0.02,-2
25214,25214,71,-9.82254E-11,-3.89567E-15,-3.89567E-13
33358,33358,72,0,0,0
20381,19973.38,73,-407.62,-0.02,-2
35232,34527.36,74,-704.64,-0.02,-2
38270,37504.6,75,-765.4,-0.02,-2
41148,36210.24,76,-4937.76,-0.12,-12
16496,16496,77,0,0,0
45303,42584.82,78,-2718.18,-0.06,-6
29453,24740.52,79,-4712.48,-0.16,-16
30404,30404,80,0,0,0
48767,44865.64,81,-3901.36,-0.08,-8
30871,29636.16,82,-1234.84,-0.04,-4
16204,16204,83,0,0,0
39963,39963,84,0,0,0
35574,34862.52,85,-711.48,-0.02,-2
20961,20961,86,0,0,0
20956,20956,87,0,0,0
29053,28471.94,88,-581.06,-0.02,-2
50186,46171.12,89,-4014.88,-0.08,-8
35042,34341.16,90,-700.84,-0.02,-2
43066,42204.68,91,-861.32,-0.02,-2
32190,31546.2,92,-643.8,-0.02,-2
40736,39921.28,93,-814.72,-0.02,-2
34341,34341,94,0,0,0
24158,23191.68,95,-966.32,-0.04,-4
28536,27965.28,96,-570.72,-0.02,-2
26123,26123,97,-9.82254E-11,-3.76011E-15,-3.76011E-13
24600,23124,98,-1476,-0.06,-6
50157,39122.46,99,-11034.54,-0.22,-22
13318,12518.92,100,-799.08,-0.06,-6
54847,47168.42,101,-7678.58,-0.14,-14
48235,45340.9,102,-2894.1,-0.06,-6
29376,28788.48,103,-587.52,-0.02,-2
31683,31049.34,104,-633.66,-0.02,-2
29509,29509,105,-9.82254E-11,-3.32866E-15,-3.32866E-13
29416,28827.68,106,-588.32,-0.02,-2
14586,14586,107,-1.00044E-10,-6.85893E-15,-6.85893E-13
28786,28210.28,108,-575.72,-0.02,-2
24662,24168.76,109,-493.24,-0.02,-2
37187,36443.26,110,-743.74,-0.02,-2
21213,19940.22,111,-1272.78,-0.06,-6
17976,17616.48,112,-359.52,-0.02,-2
27821,26708.16,113,-1112.84,-0.04,-4
37433,37433,114,0,0,0
23569,23569,115,0,0,0
16520,16520,116,0,0,0
8983,8983,117,-9.09495E-12,-1.01246E-15,-1.01246E-13
30980,30360.4,118,-619.6,-0.02,-2
50169,45152.1,119,-5016.9,-0.1,-10
21820,21383.6,120,-436.4,-0.02,-2
18309,18309,121,0,0,0
42926,38633.4,122,-4292.6,-0.1,-10
17132,16446.72,123,-685.28,-0.04,-4
21766,21766,124,0,0,0
27504,23653.44,125,-3850.56,-0.14,-14
32396,31748.08,126,-647.92,-0.02,-2
27789,27233.22,127,-555.78,-0.02,-2
20443,20034.14,128,-408.86,-0.02,-2
32554,31902.92,129,-651.08,-0.02,-2
38098,37336.04,130,-761.96,-0.02,-2
23284,23284,131,0,0,0
24364,23389.44,132,-974.56,-0.04,-4
27037,26496.26,133,-540.74,-0.02,-2
26848,24700.16,134,-2147.84,-0.08,-8
31571,29676.74,135,-1894.26,-0.06,-6
14685,14097.6,136,-587.4,-0.04,-4
16825,16488.5,137,-336.5,-0.02,-2
40175,39371.5,138,-803.5,-0.02,-2
36342,35615.16,139,-726.84,-0.02,-2
43431,42562.38,140,-868.62,-0.02,-2
14525,14234.5,141,-290.5,-0.02,-2
25811,24778.56,142,-1032.44,-0.04,-4
24318,24318,143,0,0,0
17588,17588,144,0,0,0
25579,24555.84,145,-1023.16,-0.04,-4
26630,26097.4,146,-532.6,-0.02,-2
28195,27631.1,147,-563.9,-0.02,-2
20593,19357.42,148,-1235.58,-0.06,-6
26909,26370.82,149,-538.18,-0.02,-2
15149,15149,150,-1.00044E-10,-6.60403E-15,-6.60403E-13
30116,29513.68,151,-602.32,-0.02,-2
12987,12987,152,0,0,0
16053,15731.94,153,-321.06,-0.02,-2
11651,11651,154,-1.00044E-10,-8.58677E-15,-8.58677E-13
14443,14154.14,155,-288.86,-0.02,-2
44784,43888.32,156,-895.68,-0.02,-2
18360,17625.6,157,-734.4,-0.04,-4
33521,32850.58,158,-670.42,-0.02,-2
35753,35753,159,0,0,0
31690,31056.2,160,-633.8,-0.02,-2
27239,26694.22,161,-544.78,-0.02,-2
36376,34193.44,162,-2182.56,-0.06,-6
16954,16954,163,0,0,0
26661,26127.78,164,-533.22,-0.02,-2
44449,43560.02,165,-888.98,-0.02,-2
34831,34134.38,166,-696.62,-0.02,-2
30549,29327.04,167,-1221.96,-0.04,-4
32630,30672.2,168,-1957.8,-0.06,-6
18073,18073,169,-9.82254E-11,-5.43493E-15,-5.43493E-13
19530,18748.8,170,-781.2,-0.04,-4
25449,22904.1,171,-2544.9,-0.1,-10
41599,40767.02,172,-831.98,-0.02,-2
24665,21705.2,173,-2959.8,-0.12,-12
27169,26625.62,174,-543.38,-0.02,-2
22856,21941.76,175,-914.24,-0.04,-4
17491,17141.18,176,-349.82,-0.02,-2
30269,28452.86,177,-1816.14,-0.06,-6
30408,29799.84,178,-608.16,-0.02,-2
32228,32228,179,-9.82254E-11,-3.04783E-15,-3.04783E-13
31139,30516.22,180,-622.78,-0.02,-2
44695,41119.4,181,-3575.6,-0.08,-8
32161,32161,182,-9.82254E-11,-3.05418E-15,-3.05418E-13
28757,28757,183,0,0,0
33098,31774.08,184,-1323.92,-0.04,-4
20255,20255,185,0,0,0
19017,19017,186,0,0,0
43904,39513.6,187,-4390.4,-0.1,-10
36375,33465,188,-2910,-0.08,-8
16705,16036.8,189,-668.2,-0.04,-4
21775,20904,190,-871,-0.04,-4
17651,15885.9,191,-1765.1,-0.1,-10
30930,25362.6,192,-5567.4,-0.18,-18
26829,26292.42,193,-536.58,-0.02,-2
10835,10835,194,-1.00044E-10,-9.23345E-15,-9.23345E-13
27697,27697,195,-9.82254E-11,-3.54643E-15,-3.54643E-13
30742,30742,196,0,0,0
52489,49339.66,197,-3149.34,-0.06,-6
32842,32185.16,198,-656.84,-0.02,-2
42869,42869,199,0,0,0
36322,33416.24,200,-2905.76,-0.08,-8
35080,34378.4,201,-701.6,-0.02,-2
19510,19510,202,0,0,0
36360,35632.8,203,-727.2,-0.02,-2
42066,41224.68,204,-841.32,-0.02,-2
42424,41575.52,205,-848.48,-0.02,-2
41525,35711.5,206,-5813.5,-0.14,-14
25519,25008.62,207,-510.38,-0.02,-2
38114,37351.72,208,-762.28,-0.02,-2
30634,30021.32,209,-612.68,-0.02,-2
23751,20425.86,210,-3325.14,-0.14,-14
23863,23385.74,211,-477.26,-0.02,-2
26678,26678,212,0,0,0
31477,31477,213,-9.82254E-11,-3.12055E-15,-3.12055E-13
25910,24873.6,214,-1036.4,-0.04,-4
26088,25566.24,215,-521.76,-0.02,-2
19869,19471.62,216,-397.38,-0.02,-2
36801,33856.92,217,-2944.08,-0.08,-8
26787,26787,218,0,0,0
38167,37403.66,219,-763.34,-0.02,-2
31258,30007.68,220,-1250.32,-0.04,-4
27041,26500.18,221,-540.82,-0.02,-2
39337,38550.26,222,-786.74,-0.02,-2
23541,22599.36,223,-941.64,-0.04,-4
28453,27314.88,224,-1138.12,-0.04,-4
35059,34357.82,225,-701.18,-0.02,-2
24382,24382,226,-9.82254E-11,-4.0286E-15,-4.0286E-13
33864,32509.44,227,-1354.56,-0.04,-4
40435,40435,228,0,0,0
13841,12733.72,229,-1107.28,-0.08,-8
39555,37181.7,230,-2373.3,-0.06,-6
18757,18757,231,0,0,0
38008,37247.84,232,-760.16,-0.02,-2
43411,39069.9,233,-4341.1,-0.1,-10
33118,32455.64,234,-662.36,-0.02,-2
50643,39501.54,235,-11141.46,-0.22,-22
49756,47765.76,236,-1990.24,-0.04,-4
59670,53703,237,-5967,-0.1,-10
33074,33074,238,0,0,0
33256,32590.88,239,-665.12,-0.02,-2
30534,29923.32,240,-610.68,-0.02,-2
40959,36043.92,241,-4915.08,-0.12,-12
22368,22368,242,0,0,0
32332,31685.36,243,-646.64,-0.02,-2
11915,11915,244,-1.00044E-10,-8.39651E-15,-8.39651E-13
53895,49583.4,245,-4311.6,-0.08,-8
33276,33276,246,0,0,0
22142,19042.12,247,-3099.88,-0.14,-14
37626,34615.92,248,-3010.08,-0.08,-8
40944,36849.6,249,-4094.4,-0.1,-10
27352,26257.92,250,-1094.08,-0.04,-4
28376,25538.4,251,-2837.6,-0.1,-10
31105,29860.8,252,-1244.2,-0.04,-4
34245,34245,253,0,0,0
13736,13736,254,-1.00044E-10,-7.28337E-15,-7.28337E-13
13961,13961,255,-1.00044E-10,-7.16599E-15,-7.16599E-13
27388,26840.24,256,-547.76,-0.02,-2
41687,38352.04,257,-3334.96,-0.08,-8
21706,20837.76,258,-868.24,-0.04,-4
31375,30747.5,259,-627.5,-0.02,-2
46617,45684.66,260,-932.34,-0.02,-2
30106,29503.88,261,-602.12,-0.02,-2
24589,24097.22,262,-491.78,-0.02,-2
25338,25338,263,-9.82254E-11,-3.87661E-15,-3.87661E-13
38767,34114.96,264,-4652.04,-0.12,-12
17634,17281.32,265,-352.68,-0.02,-2
52795,46459.6,266,-6335.4,-0.12,-12
25540,25540,267,-9.82254E-11,-3.84594E-15,-3.84594E-13
23315,22848.7,268,-466.3,-0.02,-2
34865,34865,269,0,0,0
26636,26636,270,0,0,0
32440,32440,271,-9.82254E-11,-3.02791E-15,-3.02791E-13
14097,14097,272,-1.00044E-10,-7.09686E-15,-7.09686E-13
33381,32713.38,273,-667.62,-0.02,-2
16630,16630,274,0,0,0
30984,29744.64,275,-1239.36,-0.04,-4
35775,31482,276,-4293,-0.12,-12
53085,46714.8,277,-6370.2,-0.12,-12
20507,18866.44,278,-1640.56,-0.08,-8
43157,42293.86,279,-863.14,-0.02,-2
25043,22037.84,280,-3005.16,-0.12,-12
33666,32992.68,281,-673.32,-0.02,-2
31682,30414.72,282,-1267.28,-0.04,-4
26248,25723.04,283,-524.96,-0.02,-2
26524,25993.52,284,-530.48,-0.02,-2
38854,38076.92,285,-777.08,-0.02,-2
14342,14342,286,-1.00044E-10,-6.97563E-15,-6.97563E-13
29119,28536.62,287,-582.38,-0.02,-2
18759,17633.46,288,-1125.54,-0.06,-6
42716,41861.68,289,-854.32,-0.02,-2
35535,34824.3,290,-710.7,-0.02,-2
36088,36088,291,0,0,0
32278,31632.44,292,-645.56,-0.02,-2
32655,32001.9,293,-653.1,-0.02,-2
32305,31658.9,294,-646.1,-0.02,-2
19625,19625,295,0,0,0
38036,37275.28,296,-760.72,-0.02,-2
34703,34703,297,0,0,0
30323,29716.54,298,-606.46,-0.02,-2
37257,36511.86,299,-745.14,-0.02,-2
16388,15404.72,300,-983.28,-0.06,-6
45012,44111.76,301,-900.24,-0.02,-2
36294,35568.12,302,-725.88,-0.02,-2
18446,18077.08,303,-368.92,-0.02,-2
34385,33697.3,304,-687.7,-0.02,-2
31191,29943.36,305,-1247.64,-0.04,-4
28774,27623.04,306,-1150.96,-0.04,-4
29486,26537.4,307,-2948.6,-0.1,-10
12315,12315,308,-1.00044E-10,-8.12379E-15,-8.12379E-13
33879,33201.42,309,-677.58,-0.02,-2
9356,9356,310,-9.09495E-12,-9.72098E-16,-9.72098E-14
30036,29435.28,311,-600.72,-0.02,-2
24446,24446,312,-9.82254E-11,-4.01806E-15,-4.01806E-13
16297,16297,313,-1.00044E-10,-6.13882E-15,-6.13882E-13
15616,15616,314,-1.00044E-10,-6.40653E-15,-6.40653E-13
25652,25652,315,-9.82254E-11,-3.82915E-15,-3.82915E-13
31689,31055.22,316,-633.78,-0.02,-2
30166,28959.36,317,-1206.64,-0.04,-4
27307,27307,318,0,0,0
26292,26292,319,-9.82254E-11,-3.73594E-15,-3.73594E-13
27976,26856.96,320,-1119.04,-0.04,-4
22740,22285.2,321,-454.8,-0.02,-2
43228,43228,322,0,0,0
18546,17433.24,323,-1112.76,-0.06,-6
28112,27549.76,324,-562.24,-0.02,-2
32937,32278.26,325,-658.74,-0.02,-2
23569,23097.62,326,-471.38,-0.02,-2
38055,37293.9,327,-761.1,-0.02,-2
44027,41385.38,328,-2641.62,-0.06,-6
33267,32601.66,329,-665.34,-0.02,-2
28625,28625,330,0,0,0
27663,27109.74,331,-553.26,-0.02,-2
25439,24930.22,332,-508.78,-0.02,-2
37736,35471.84,333,-2264.16,-0.06,-6
28659,27512.64,334,-1146.36,-0.04,-4
18942,18563.16,335,-378.84,-0.02,-2
28809,27080.46,336,-1728.54,-0.06,-6
11222,11222,337,-1.00044E-10,-8.91503E-15,-8.91503E-13
20468,20468,338,0,0,0
41378,40550.44,339,-827.56,-0.02,-2
26740,26205.2,340,-534.8,-0.02,-2
41628,35800.08,341,-5827.92,-0.14,-14
52374,47136.6,342,-5237.4,-0.1,-10
33217,31888.32,343,-1328.68,-0.04,-4
35603,34890.94,344,-712.06,-0.02,-2
26393,25337.28,345,-1055.72,-0.04,-4
31897,31259.06,346,-637.94,-0.02,-2
25501,24990.98,347,-510.02,-0.02,-2
30355,30355,348,-9.82254E-11,-3.23589E-15,-3.23589E-13
31020,27918,349,-3102,-0.1,-10
33201,33201,350,0,0,0
28842,28842,351,-9.82254E-11,-3.40564E-15,-3.40564E-13
42609,39200.28,352,-3408.72,-0.08,-8
34277,29478.22,353,-4798.78,-0.14,-14
28298,25468.2,354,-2829.8,-0.1,-10
34461,34461,355,-1.01863E-10,-2.9559E-15,-2.9559E-13
20267,19050.98,356,-1216.02,-0.06,-6
28231,27666.38,357,-564.62,-0.02,-2
36447,36447,358,0,0,0
15700,15700,359,0,0,0
44430,43541.4,360,-888.6,-0.02,-2
34459,33769.82,361,-689.18,-0.02,-2
12861,12861,362,-1.00044E-10,-7.7789E-15,-7.7789E-13
24610,22641.2,363,-1968.8,-0.08,-8
30442,29833.16,364,-608.84,-0.02,-2
23158,23158,365,0,0,0
25599,25599,366,-9.82254E-11,-3.83708E-15,-3.83708E-13
30756,30756,367,0,0,0
20487,19257.78,368,-1229.22,-0.06,-6
29759,29163.82,369,-595.18,-0.02,-2
37316,33584.4,370,-3731.6,-0.1,-10
24794,24794,371,0,0,0
25203,25203,372,0,0,0
26827,24144.3,373,-2682.7,-0.1,-10
28933,28933,374,0,0,0
30872,30254.56,375,-617.44,-0.02,-2
29825,29825,376,0,0,0
22927,22927,377,0,0,0
25995,25995,378,0,0,0
36903,36903,379,0,0,0
35070,31563,380,-3507,-0.1,-10
17756,17756,381,0,0,0
24675,24181.5,382,-493.5,-0.02,-2
29543,28952.14,383,-590.86,-0.02,-2
39139,38356.22,384,-782.78,-0.02,-2
46684,45750.32,385,-933.68,-0.02,-2
45536,44625.28,386,-910.72,-0.02,-2
30399,29791.02,387,-607.98,-0.02,-2
12432,12432,388,-1.00044E-10,-8.04733E-15,-8.04733E-13
24348,23374.08,389,-973.92,-0.04,-4
14752,14752,390,0,0,0
28516,28516,391,0,0,0
35138,35138,392,0,0,0
28545,27974.1,393,-570.9,-0.02,-2
30497,29277.12,394,-1219.88,-0.04,-4
44642,41070.64,395,-3571.36,-0.08,-8
41620,39955.2,396,-1664.8,-0.04,-4
26465,23818.5,397,-2646.5,-0.1,-10
42493,39943.42,398,-2549.58,-0.06,-6
29594,29002.12,399,-591.88,-0.02,-2
32872,32214.56,400,-657.44,-0.02,-2
38046,37285.08,401,-760.92,-0.02,-2
29403,27638.82,402,-1764.18,-0.06,-6
19050,18288,403,-762,-0.04,-4
39445,34711.6,404,-4733.4,-0.12,-12
30094,30094,405,-9.82254E-11,-3.26395E-15,-3.26395E-13
34670,33976.6,406,-693.4,-0.02,-2
21223,21223,407,0,0,0
26204,25679.92,408,-524.08,-0.02,-2
22998,22538.04,409,-459.96,-0.02,-2
21170,20746.6,410,-423.4,-0.02,-2
15552,15552,411,0,0,0
24429,23940.42,412,-488.58,-0.02,-2
28080,27518.4,413,-561.6,-0.02,-2
20542,20542,414,0,0,0
39307,34590.16,415,-4716.84,-0.12,-12
42635,40929.6,416,-1705.4,-0.04,-4
34991,34991,417,0,0,0
18695,18321.1,418,-373.9,-0.02,-2
31234,31234,419,-9.82254E-11,-3.14482E-15,-3.14482E-13
37186,36442.28,420,-743.72,-0.02,-2
18522,18522,421,0,0,0
31751,31751,422,-9.82254E-11,-3.09362E-15,-3.09362E-13
32057,31415.86,423,-641.14,-0.02,-2
36896,35420.16,424,-1475.84,-0.04,-4
18126,18126,425,0,0,0
20748,19503.12,426,-1244.88,-0.06,-6
28409,27840.82,427,-568.18,-0.02,-2
26522,25991.56,428,-530.44,-0.02,-2
20224,19010.56,429,-1213.44,-0.06,-6
30031,30031,430,0,0,0
26356,22666.16,431,-3689.84,-0.14,-14
23851,23373.98,432,-477.02,-0.02,-2
30694,30080.12,433,-613.88,-0.02,-2
18334,18334,434,0,0,0
31908,31269.84,435,-638.16,-0.02,-2
20248,19438.08,436,-809.92,-0.04,-4
30339,29125.44,437,-1213.56,-0.04,-4
14062,14062,438,0,0,0
37485,32237.1,439,-5247.9,-0.14,-14
30534,30534,440,0,0,0
40730,35027.8,441,-5702.2,-0.14,-14
23137,23137,442,0,0,0
25725,24696,443,-1029,-0.04,-4
30717,30717,444,0,0,0
29939,29939,445,-9.82254E-11,-3.28085E-15,-3.28085E-13
30028,30028,446,-9.82254E-11,-3.27113E-15,-3.27113E-13
31835,31198.3,447,-636.7,-0.02,-2
17029,17029,448,0,0,0
37550,36048,449,-1502,-0.04,-4
19488,19488,450,0,0,0
46827,42144.3,451,-4682.7,-0.1,-10
32298,32298,452,-9.82254E-11,-3.04122E-15,-3.04122E-13
45429,44520.42,453,-908.58,-0.02,-2
19508,19508,454,0,0,0
32896,28948.48,455,-3947.52,-0.12,-12
47065,46123.7,456,-941.3,-0.02,-2
21174,20750.52,457,-423.48,-0.02,-2
39475,38685.5,458,-789.5,-0.02,-2
27426,27426,459,0,0,0
11193,11193,460,-1.00044E-10,-8.93812E-15,-8.93812E-13
41212,37090.8,461,-4121.2,-0.1,-10
38080,37318.4,462,-761.6,-0.02,-2
12793,11513.7,463,-1279.3,-0.1,-10
46262,38860.08,464,-7401.92,-0.16,-16
16472,16472,465,-9.82254E-11,-5.96318E-15,-5.96318E-13
14494,13914.24,466,-579.76,-0.04,-4
33297,32631.06,467,-665.94,-0.02,-2
33355,33355,468,0,0,0
28075,28075,469,0,0,0
33184,33184,470,0,0,0
33354,32686.92,471,-667.08,-0.02,-2
17715,17715,472,0,0,0
18079,16994.26,473,-1084.74,-0.06,-6
43885,39496.5,474,-4388.5,-0.1,-10
28796,28220.08,475,-575.92,-0.02,-2
17475,17125.5,476,-349.5,-0.02,-2
30561,30561,477,-9.82254E-11,-3.21408E-15,-3.21408E-13
34870,34172.6,478,-697.4,-0.02,-2
22974,22974,479,0,0,0
26445,26445,480,-9.82254E-11,-3.71433E-15,-3.71433E-13
30264,29658.72,481,-605.28,-0.02,-2
24250,24250,482,0,0,0
39562,38770.76,483,-791.24,-0.02,-2
22227,19559.76,484,-2667.24,-0.12,-12
38541,37770.18,485,-770.82,-0.02,-2
19013,19013,486,0,0,0
42531,40829.76,487,-1701.24,-0.04,-4
42179,37117.52,488,-5061.48,-0.12,-12
36258,35532.84,489,-725.16,-0.02,-2
39305,38518.9,490,-786.1,-0.02,-2
15032,15032,491,-1.00044E-10,-6.65543E-15,-6.65543E-13
29273,28687.54,492,-585.46,-0.02,-2
41129,40306.42,493,-822.58,-0.02,-2
26966,23730.08,494,-3235.92,-0.12,-12
26916,25839.36,495,-1076.64,-0.04,-4
49225,42333.5,496,-6891.5,-0.14,-14
49337,48350.26,497,-986.74,-0.02,-2
34295,33609.1,498,-685.9,-0.02,-2
28211,28211,499,-9.82254E-11,-3.48181E-15,-3.48181E-13
40899,40081.02,500,-817.98,-0.02,-2
37936,37177.28,501,-758.72,-0.02,-2
36265,35539.7,502,-725.3,-0.02,-2
35731,35016.38,503,-714.62,-0.02,-2
17065,17065,504,0,0,0
20045,19243.2,505,-801.8,-0.04,-4
35711,34996.78,506,-714.22,-0.02,-2
34145,33462.1,507,-682.9,-0.02,-2
28797,25917.3,508,-2879.7,-0.1,-10
32057,31415.86,509,-641.14,-0.02,-2
11679,11679,510,0,0,0
25173,24669.54,511,-503.46,-0.02,-2
24043,21638.7,512,-2404.3,-0.1,-10
19561,19169.78,513,-391.22,-0.02,-2
30948,30329.04,514,-618.96,-0.02,-2
29919,29320.62,515,-598.38,-0.02,-2
33040,33040,516,0,0,0
11237,11237,517,-1.00044E-10,-8.90313E-15,-8.90313E-13
12809,12040.46,518,-768.54,-0.06,-6
39720,38925.6,519,-794.4,-0.02,-2
30219,29010.24,520,-1208.76,-0.04,-4
13755,13755,521,-1.00044E-10,-7.27331E-15,-7.27331E-13
28236,28236,522,0,0,0
36439,34252.66,523,-2186.34,-0.06,-6
24754,24754,524,0,0,0
15952,15313.92,525,-638.08,-0.04,-4
21770,21334.6,526,-435.4,-0.02,-2
20146,17325.56,527,-2820.44,-0.14,-14
40310,39503.8,528,-806.2,-0.02,-2
37930,37171.4,529,-758.6,-0.02,-2
35975,35255.5,530,-719.5,-0.02,-2
41744,40074.24,531,-1669.76,-0.04,-4
43234,42369.32,532,-864.68,-0.02,-2
41070,36963,533,-4107,-0.1,-10
37151,36407.98,534,-743.02,-0.02,-2
15848,14897.12,535,-950.88,-0.06,-6
19854,18662.76,536,-1191.24,-0.06,-6
15255,15255,537,-1.00044E-10,-6.55814E-15,-6.55814E-13
21698,21698,538,0,0,0
41749,40914.02,539,-834.98,-0.02,-2
18762,18386.76,540,-375.24,-0.02,-2
23993,23993,541,-9.82254E-11,-4.09392E-15,-4.09392E-13
22552,21198.88,542,-1353.12,-0.06,-6
17209,17209,543,0,0,0
28794,25914.6,544,-2879.4,-0.1,-10
23396,22928.08,545,-467.92,-0.02,-2
36222,35497.56,546,-724.44,-0.02,-2
25449,24940.02,547,-508.98,-0.02,-2
43493,42623.14,548,-869.86,-0.02,-2
22704,22704,549,0,0,0
38426,35351.92,550,-3074.08,-0.08,-8
34583,34583,551,0,0,0
39766,35789.4,552,-3976.6,-0.1,-10
29569,28977.62,553,-591.38,-0.02,-2
15708,15708,554,-1.00044E-10,-6.36901E-15,-6.36901E-13
31349,30722.02,555,-626.98,-0.02,-2
26377,25321.92,556,-1055.08,-0.04,-4
35002,34301.96,557,-700.04,-0.02,-2
29672,28485.12,558,-1186.88,-0.04,-4
10728,10728,559,0,0,0
32981,32981,560,0,0,0
35756,35040.88,561,-715.12,-0.02,-2
19832,18642.08,562,-1189.92,-0.06,-6
20885,20885,563,0,0,0
20206,19397.76,564,-808.24,-0.04,-4
22744,22744,565,0,0,0
22450,22001,566,-449,-0.02,-2
20530,20119.4,567,-410.6,-0.02,-2
8336,8336,568,-9.09495E-12,-1.09104E-15,-1.09104E-13
29079,27915.84,569,-1163.16,-0.04,-4
16220,16220,570,-1.00044E-10,-6.16797E-15,-6.16797E-13
31321,30694.58,571,-626.42,-0.02,-2
38407,37638.86,572,-768.14,-0.02,-2
21271,19994.74,573,-1276.26,-0.06,-6
39526,38735.48,574,-790.52,-0.02,-2
34159,33475.82,575,-683.18,-0.02,-2
39207,38422.86,576,-784.14,-0.02,-2
10490,10490,577,-1.00044E-10,-9.53712E-15,-9.53712E-13
38015,37254.7,578,-760.3,-0.02,-2
23725,22776,579,-949,-0.04,-4
11103,11103,580,-1.00044E-10,-9.01058E-15,-9.01058E-13
21744,20439.36,581,-1304.64,-0.06,-6
35840,35123.2,582,-716.8,-0.02,-2
42149,37934.1,583,-4214.9,-0.1,-10
27777,27777,584,-9.82254E-11,-3.53621E-15,-3.53621E-13
23309,23309,585,-9.82254E-11,-4.21406E-15,-4.21406E-13
33415,32746.7,586,-668.3,-0.02,-2
36764,32352.32,587,-4411.68,-0.12,-12
14999,14999,588,-1.00044E-10,-6.67007E-15,-6.67007E-13
38981,38201.38,589,-779.62,-0.02,-2
38166,37402.68,590,-763.32,-0.02,-2
24472,23982.56,591,-489.44,-0.02,-2
26717,26717,592,0,0,0
22517,22066.66,593,-450.34,-0.02,-2
14343,14343,594,-1.00044E-10,-6.97514E-15,-6.97514E-13
21205,19932.7,595,-1272.3,-0.06,-6
45260,43449.6,596,-1810.4,-0.04,-4
40655,40655,597,-1.01863E-10,-2.50556E-15,-2.50556E-13
25154,25154,598,0,0,0
26249,25724.02,599,-524.98,-0.02,-2
31140,30517.2,600,-622.8,-0.02,-2
38476,33858.88,601,-4617.12,-0.12,-12
35994,31674.72,602,-4319.28,-0.12,-12
23031,22109.76,603,-921.24,-0.04,-4
24920,24421.6,604,-498.4,-0.02,-2
13689,13689,605,-1.00044E-10,-7.30838E-15,-7.30838E-13
26073,25551.54,606,-521.46,-0.02,-2
26202,22533.72,607,-3668.28,-0.14,-14
43619,42746.62,608,-872.38,-0.02,-2
45700,42044,609,-3656,-0.08,-8
27276,24002.88,610,-3273.12,-0.12,-12
16831,16831,611,0,0,0
33123,31798.08,612,-1324.92,-0.04,-4
25946,25427.08,613,-518.92,-0.02,-2
48371,46436.16,614,-1934.84,-0.04,-4
11872,11872,615,-1.00044E-10,-8.42692E-15,-8.42692E-13
17549,17198.02,616,-350.98,-0.02,-2
17636,17636,617,0,0,0
37599,37599,618,0,0,0
34923,34224.54,619,-698.46,-0.02,-2
28268,27702.64,620,-565.36,-0.02,-2
16940,15923.6,621,-1016.4,-0.06,-6
23260,22794.8,622,-465.2,-0.02,-2
29338,29338,623,-9.82254E-11,-3.34806E-15,-3.34806E-13
28349,27782.02,624,-566.98,-0.02,-2
40270,39464.6,625,-805.4,-0.02,-2
37512,33760.8,626,-3751.2,-0.1,-10
53504,50293.76,627,-3210.24,-0.06,-6
13877,13877,628,0,0,0
33505,32164.8,629,-1340.2,-0.04,-4
39412,38623.76,630,-788.24,-0.02,-2
23908,23429.84,631,-478.16,-0.02,-2
26817,26817,632,0,0,0
33288,31956.48,633,-1331.52,-0.04,-4
18269,18269,634,0,0,0
29219,28634.62,635,-584.38,-0.02,-2
30031,29430.38,636,-600.62,-0.02,-2
14283,14283,637,-1.00044E-10,-7.00444E-15,-7.00444E-13
43186,38867.4,638,-4318.6,-0.1,-10
28963,28383.74,639,-579.26,-0.02,-2
30580,29356.8,640,-1223.2,-0.04,-4
19004,15963.36,641,-3040.64,-0.16,-16
40554,39742.92,642,-811.08,-0.02,-2
21079,21079,643,0,0,0
38913,38134.74,644,-778.26,-0.02,-2
48193,43373.7,645,-4819.3,-0.1,-10
51502,50471.96,646,-1030.04,-0.02,-2
29160,28576.8,647,-583.2,-0.02,-2
30336,26088.96,648,-4247.04,-0.14,-14
27323,27323,649,-9.82254E-11,-3.59497E-15,-3.59497E-13
37523,37523,650,0,0,0
26481,25421.76,651,-1059.24,-0.04,-4
43647,42774.06,652,-872.94,-0.02,-2
27288,26742.24,653,-545.76,-0.02,-2
26229,25179.84,654,-1049.16,-0.04,-4
25748,25748,655,-9.82254E-11,-3.81488E-15,-3.81488E-13
42761,41050.56,656,-1710.44,-0.04,-4
49356,44420.4,657,-4935.6,-0.1,-10
30767,28920.98,658,-1846.02,-0.06,-6
41880,35179.2,659,-6700.8,-0.16,-16
16426,16426,660,0,0,0
35987,35267.26,661,-719.74,-0.02,-2
35584,34160.64,662,-1423.36,-0.04,-4
36640,35907.2,663,-732.8,-0.02,-2
51226,46103.4,664,-5122.6,-0.1,-10
40533,39722.34,665,-810.66,-0.02,-2
31673,27872.24,666,-3800.76,-0.12,-12
43154,42290.92,667,-863.08,-0.02,-2
37301,37301,668,0,0,0
31613,30980.74,669,-632.26,-0.02,-2
30761,30761,670,-9.82254E-11,-3.19318E-15,-3.19318E-13
27079,26537.42,671,-541.58,-0.02,-2
36589,35857.22,672,-731.78,-0.02,-2
34644,33951.12,673,-692.88,-0.02,-2
41467,40637.66,674,-829.34,-0.02,-2
30100,30100,675,0,0,0
34437,30304.56,676,-4132.44,-0.12,-12
40478,40478,677,0,0,0
34380,33004.8,678,-1375.2,-0.04,-4
17991,17991,679,0,0,0
31234,31234,680,0,0,0
39565,34817.2,681,-4747.8,-0.12,-12
26563,26563,682,-9.82254E-11,-3.69783E-15,-3.69783E-13
37650,33132,683,-4518,-0.12,-12
33173,32509.54,684,-663.46,-0.02,-2
28870,28292.6,685,-577.4,-0.02,-2
38721,35623.32,686,-3097.68,-0.08,-8
17018,17018,687,0,0,0
30463,29853.74,688,-609.26,-0.02,-2
16281,15955.38,689,-325.62,-0.02,-2
37564,34558.88,690,-3005.12,-0.08,-8
22984,22524.32,691,-459.68,-0.02,-2
35269,34563.62,692,-705.38,-0.02,-2
15688,15374.24,693,-313.76,-0.02,-2
15943,15943,694,-1.00044E-10,-6.27513E-15,-6.27513E-13
13959,13959,695,-1.00044E-10,-7.16702E-15,-7.16702E-13
35874,35156.52,696,-717.48,-0.02,-2
11055,11055,697,-1.00044E-10,-9.0497E-15,-9.0497E-13
26580,26048.4,698,-531.6,-0.02,-2
12483,12483,699,0,0,0
26225,25176,700,-1049,-0.04,-4
18136,17410.56,701,-725.44,-0.04,-4
39527,34783.76,702,-4743.24,-0.12,-12
37681,36927.38,703,-753.62,-0.02,-2
39767,38971.66,704,-795.34,-0.02,-2
41549,39887.04,705,-1661.96,-0.04,-4
36636,35903.28,706,-732.72,-0.02,-2
46236,45311.28,707,-924.72,-0.02,-2
40874,39239.04,708,-1634.96,-0.04,-4
14369,14369,709,-1.00044E-10,-6.96252E-15,-6.96252E-13
33034,31712.64,710,-1321.36,-0.04,-4
24412,23435.52,711,-976.48,-0.04,-4
18666,18666,712,0,0,0
49469,44522.1,713,-4946.9,-0.1,-10
37043,36302.14,714,-740.86,-0.02,-2
44547,44547,715,-1.01863E-10,-2.28665E-15,-2.28665E-13
9680,9680,716,0,0,0
19176,18792.48,717,-383.52,-0.02,-2
36636,35903.28,718,-732.72,-0.02,-2
52951,46596.88,719,-6354.12,-0.12,-12
41767,35919.62,720,-5847.38,-0.14,-14
33824,33147.52,721,-676.48,-0.02,-2
38380,37612.4,722,-767.6,-0.02,-2
48353,47385.94,723,-967.06,-0.02,-2
23590,20287.4,724,-3302.6,-0.14,-14
19523,18742.08,725,-780.92,-0.04,-4
34653,33266.88,726,-1386.12,-0.04,-4
15485,15485,727,-1.00044E-10,-6.46073E-15,-6.46073E-13
10382,10382,728,0,0,0
32962,32302.76,729,-659.24,-0.02,-2
27309,26762.82,730,-546.18,-0.02,-2
24809,24312.82,731,-496.18,-0.02,-2
22190,19971,732,-2219,-0.1,-10
15652,14399.84,733,-1252.16,-0.08,-8
21850,21413,734,-437,-0.02,-2
19209,18824.82,735,-384.18,-0.02,-2
25550,25039,736,-511,-0.02,-2
30929,30310.42,737,-618.58,-0.02,-2
21413,20128.22,738,-1284.78,-0.06,-6
47930,44095.6,739,-3834.4,-0.08,-8
36344,32709.6,740,-3634.4,-0.1,-10
30715,30100.7,741,-614.3,-0.02,-2
33127,29151.76,742,-3975.24,-0.12,-12
33110,32447.8,743,-662.2,-0.02,-2
30368,28545.92,744,-1822.08,-0.06,-6
43938,43938,745,0,0,0
27254,27254,746,0,0,0
27072,27072,747,-9.82254E-11,-3.6283E-15,-3.6283E-13
23987,23987,748,0,0,0
46285,45359.3,749,-925.7,-0.02,-2
38933,38154.34,750,-778.66,-0.02,-2
20417,20008.66,751,-408.34,-0.02,-2
24148,24148,752,-9.82254E-11,-4.06764E-15,-4.06764E-13
23892,22936.32,753,-955.68,-0.04,-4
24156,23189.76,754,-966.24,-0.04,-4
30713,30713,755,-9.82254E-11,-3.19817E-15,-3.19817E-13
32241,31596.18,756,-644.82,-0.02,-2
30548,29937.04,757,-610.96,-0.02,-2
38063,35017.96,758,-3045.04,-0.08,-8
43624,42751.52,759,-872.48,-0.02,-2
26480,26480,760,-9.82254E-11,-3.70942E-15,-3.70942E-13
25497,24987.06,761,-509.94,-0.02,-2
15431,15431,762,-1.00044E-10,-6.48334E-15,-6.48334E-13
47346,46399.08,763,-946.92,-0.02,-2
35903,35184.94,764,-718.06,-0.02,-2
13708,13708,765,-1.00044E-10,-7.29825E-15,-7.29825E-13
54280,44509.6,766,-9770.4,-0.18,-18
37943,36425.28,767,-1517.72,-0.04,-4
44113,39701.7,768,-4411.3,-0.1,-10
16787,16115.52,769,-671.48,-0.04,-4
51866,46679.4,770,-5186.6,-0.1,-10
46971,40395.06,771,-6575.94,-0.14,-14
13261,13261,772,-1.00044E-10,-7.54426E-15,-7.54426E-13
10603,10603,773,0,0,0
34126,34126,774,0,0,0
10162,10162,775,-1.00044E-10,-9.84495E-15,-9.84495E-13
30282,27253.8,776,-3028.2,-0.1,-10
19063,17156.7,777,-1906.3,-0.1,-10
21432,21432,778,0,0,0
9452,9452,779,0,0,0
24192,24192,780,0,0,0
32506,31855.88,781,-650.12,-0.02,-2
40460,38841.6,782,-1618.4,-0.04,-4
48869,46914.24,783,-1954.76,-0.04,-4
42296,41450.08,784,-845.92,-0.02,-2
40396,36356.4,785,-4039.6,-0.1,-10
13166,13166,786,-1.00044E-10,-7.59869E-15,-7.59869E-13
30371,30371,787,-9.82254E-11,-3.23418E-15,-3.23418E-13
45542,40987.8,788,-4554.2,-0.1,-10
42624,42624,789,0,0,0
50477,48457.92,790,-2019.08,-0.04,-4
24410,23921.8,791,-488.2,-0.02,-2
29374,28199.04,792,-1174.96,-0.04,-4
32481,31831.38,793,-649.62,-0.02,-2
47938,46979.24,794,-958.76,-0.02,-2
36461,34273.34,795,-2187.66,-0.06,-6
27945,27945,796,-9.82254E-11,-3.51496E-15,-3.51496E-13
17534,17183.32,797,-350.68,-0.02,-2
19937,19139.52,798,-797.48,-0.04,-4
31639,31639,799,-9.82254E-11,-3.10457E-15,-3.10457E-13
21418,18419.48,800,-2998.52,-0.14,-14
15421,15112.58,801,-308.42,-0.02,-2
39384,38596.32,802,-787.68,-0.02,-2
35363,34655.74,803,-707.26,-0.02,-2
36185,35461.3,804,-723.7,-0.02,-2
34626,31163.4,805,-3462.6,-0.1,-10
17478,17128.44,806,-349.56,-0.02,-2
19507,17166.16,807,-2340.84,-0.12,-12
29459,29459,808,0,0,0
19352,18190.88,809,-1161.12,-0.06,-6
39986,39986,810,0,0,0
27040,26499.2,811,-540.8,-0.02,-2
22026,21585.48,812,-440.52,-0.02,-2
34256,33570.88,813,-685.12,-0.02,-2
38006,37245.88,814,-760.12,-0.02,-2
35919,35200.62,815,-718.38,-0.02,-2
36467,35737.66,816,-729.34,-0.02,-2
34205,33520.9,817,-684.1,-0.02,-2
41051,38587.94,818,-2463.06,-0.06,-6
15254,15254,819,0,0,0
34692,33998.16,820,-693.84,-0.02,-2
23185,21793.9,821,-1391.1,-0.06,-6
36532,34340.08,822,-2191.92,-0.06,-6
39620,33280.8,823,-6339.2,-0.16,-16
11617,11617,824,-1.00044E-10,-8.6119E-15,-8.6119E-13
37402,36653.96,825,-748.04,-0.02,-2
43074,42212.52,826,-861.48,-0.02,-2
22854,21482.76,827,-1371.24,-0.06,-6
23081,23081,828,0,0,0
36300,32670,829,-3630,-0.1,-10
28014,28014,830,-9.82254E-11,-3.5063E-15,-3.5063E-13
16074,16074,831,-1.00044E-10,-6.22399E-15,-6.22399E-13
10637,10637,832,-1.00044E-10,-9.40532E-15,-9.40532E-13
44562,40997.04,833,-3564.96,-0.08,-8
22571,22571,834,0,0,0
30197,28989.12,835,-1207.88,-0.04,-4
36506,35775.88,836,-730.12,-0.02,-2
16088,15444.48,837,-643.52,-0.04,-4
29807,29807,838,-9.82254E-11,-3.29538E-15,-3.29538E-13
21089,21089,839,0,0,0
26951,26951,840,-9.82254E-11,-3.64459E-15,-3.64459E-13
51212,47115.04,841,-4096.96,-0.08,-8
42282,39745.08,842,-2536.92,-0.06,-6
34215,34215,843,0,0,0
31395,30767.1,844,-627.9,-0.02,-2
28451,28451,845,-9.82254E-11,-3.45244E-15,-3.45244E-13
40840,38389.6,846,-2450.4,-0.06,-6
14155,14155,847,-1.00044E-10,-7.06778E-15,-7.06778E-13
30586,30586,848,0,0,0
32470,31820.6,849,-649.4,-0.02,-2
21090,20668.2,850,-421.8,-0.02,-2
32383,32383,851,0,0,0
21815,21378.7,852,-436.3,-0.02,-2
56231,53981.76,853,-2249.24,-0.04,-4
33849,32495.04,854,-1353.96,-0.04,-4
41148,40325.04,855,-822.96,-0.02,-2
14403,14114.94,856,-288.06,-0.02,-2
13971,13971,857,-1.00044E-10,-7.16086E-15,-7.16086E-13
39737,38942.26,858,-794.74,-0.02,-2
29505,28324.8,859,-1180.2,-0.04,-4
38752,37976.96,860,-775.04,-0.02,-2
31116,31116,861,0,0,0
39548,37175.12,862,-2372.88,-0.06,-6
49502,47521.92,863,-1980.08,-0.04,-4
49153,46203.82,864,-2949.18,-0.06,-6
36819,36082.62,865,-736.38,-0.02,-2
17116,17116,866,0,0,0
38809,38809,867,0,0,0
34680,33292.8,868,-1387.2,-0.04,-4
19286,18514.56,769,-771.44,-0.04,-4
29045,29045,870,-9.82254E-11,-3.38184E-15,-3.38184E-13
39259,35333.1,871,-3925.9,-0.1,-10
23976,23976,872,0,0,0
21598,20302.12,873,-1295.88,-0.06,-6
28879,28301.42,874,-577.58,-0.02,-2
28433,25589.7,875,-2843.3,-0.1,-10
21416,20987.68,876,-428.32,-0.02,-2
15026,14725.48,877,-300.52,-0.02,-2
45904,44067.84,879,-1836.16,-0.04,-4
47765,42033.2,879,-5731.8,-0.12,-12
27256,26710.88,880,-545.12,-0.02,-2
16966,16287.36,881,-678.64,-0.04,-4
38121,37358.58,882,-762.42,-0.02,-2
46623,44758.08,883,-1864.92,-0.04,-4
25822,25305.56,884,-516.44,-0.02,-2
23407,23407,885,0,0,0
18129,18129,886,0,0,0
38362,36827.52,887,-1534.48,-0.04,-4
22516,22065.68,888,-450.32,-0.02,-2
27192,26104.32,889,-1087.68,-0.04,-4
36130,35407.4,890,-722.6,-0.02,-2
31258,28132.2,891,-3125.8,-0.1,-10
22805,21892.8,892,-912.2,-0.04,-4
34953,34253.94,893,-699.06,-0.02,-2
37811,37054.78,894,-756.22,-0.02,-2
53538,47113.44,895,-6424.56,-0.12,-12
44538,43647.24,896,-890.76,-0.02,-2
21615,21615,897,-9.82254E-11,-4.54432E-15,-4.54432E-13
35214,34509.72,898,-704.28,-0.02,-2
33830,33830,899,0,0,0
29591,29591,900,0,0,0
23342,23342,901,0,0,0
46194,45270.12,902,-923.88,-0.02,-2
17692,16276.64,903,-1415.36,-0.08,-8
38103,37340.94,904,-762.06,-0.02,-2
9990,9990,905,-9.09495E-12,-9.10405E-16,-9.10405E-14
25444,24935.12,906,-508.88,-0.02,-2
31047,31047,907,-9.82254E-11,-3.16377E-15,-3.16377E-13
15667,14726.98,908,-940.02,-0.06,-6
42023,36980.24,909,-5042.76,-0.12,-12
31160,28667.2,910,-2492.8,-0.08,-8
36745,36010.1,911,-734.9,-0.02,-2
36716,36716,912,0,0,0
30682,30682,913,-9.82254E-11,-3.2014E-15,-3.2014E-13
16052,16052,914,0,0,0
47912,45995.52,915,-1916.48,-0.04,-4
45036,44135.28,916,-900.72,-0.02,-2
29326,28739.48,917,-586.52,-0.02,-2
23802,23802,918,0,0,0
27624,27071.52,919,-552.48,-0.02,-2
37425,36676.5,920,-748.5,-0.02,-2
29223,25131.78,921,-4091.22,-0.14,-14
28779,28203.42,922,-575.58,-0.02,-2
28173,28173,923,-9.82254E-11,-3.48651E-15,-3.48651E-13
36337,35610.26,924,-726.74,-0.02,-2
38461,37691.78,925,-769.22,-0.02,-2
28005,27444.9,926,-560.1,-0.02,-2
29512,29512,927,-9.82254E-11,-3.32832E-15,-3.32832E-13
51308,48229.52,928,-3078.48,-0.06,-6
27843,26729.28,929,-1113.72,-0.04,-4
18668,18668,930,0,0,0
31524,30893.52,931,-630.48,-0.02,-2
26014,25493.72,932,-520.28,-0.02,-2
34146,33463.08,933,-682.92,-0.02,-2
25306,25306,934,0,0,0
15035,15035,935,-1.00044E-10,-6.6541E-15,-6.6541E-13
22357,21015.58,936,-1341.42,-0.06,-6
44331,39011.28,937,-5319.72,-0.12,-12
46114,45191.72,938,-922.28,-0.02,-2
22876,22418.48,939,-457.52,-0.02,-2
39575,34826,940,-4749,-0.12,-12
49034,49034,941,0,0,0
42505,41654.9,942,-850.1,-0.02,-2
34048,30643.2,943,-3404.8,-0.1,-10
23019,22558.62,944,-460.38,-0.02,-2
16721,16052.16,945,-668.84,-0.04,-4
21752,20011.84,946,-1740.16,-0.08,-8
26286,26286,947,-9.82254E-11,-3.7368E-15,-3.7368E-13
15564,15564,948,-1.00044E-10,-6.42794E-15,-6.42794E-13
46168,39704.48,949,-6463.52,-0.14,-14
35729,35014.42,950,-714.58,-0.02,-2
32911,31594.56,951,-1316.44,-0.04,-4
15730,15415.4,952,-314.6,-0.02,-2
33231,33231,953,0,0,0
35883,35165.34,954,-717.66,-0.02,-2
35649,34936.02,955,-712.98,-0.02,-2
29643,29050.14,956,-592.86,-0.02,-2
35150,31635,957,-3515,-0.1,-10
34035,33354.3,958,-680.7,-0.02,-2
28599,27455.04,959,-1143.96,-0.04,-4
34658,33964.84,960,-693.16,-0.02,-2
34339,34339,961,0,0,0
35917,33761.98,962,-2155.02,-0.06,-6
31672,31672,963,-9.82254E-11,-3.10133E-15,-3.10133E-13
33054,32392.92,964,-661.08,-0.02,-2
21541,21110.18,965,-430.82,-0.02,-2
49119,48136.62,966,-982.38,-0.02,-2
26606,25541.76,967,-1064.24,-0.04,-4
49932,48933.36,968,-998.64,-0.02,-2
15893,15257.28,969,-635.72,-0.04,-4
25487,24467.52,970,-1019.48,-0.04,-4
33352,30683.84,971,-2668.16,-0.08,-8
22359,21017.46,972,-1341.54,-0.06,-6
30341,30341,973,0,0,0
24848,24351.04,974,-496.96,-0.02,-2
34169,30752.1,975,-3416.9,-0.1,-10
28545,27974.1,976,-570.9,-0.02,-2
26493,26493,977,-9.82254E-11,-3.7076E-15,-3.7076E-13
14468,13889.28,978,-578.72,-0.04,-4
31751,31751,979,-9.82254E-11,-3.09362E-15,-3.09362E-13
47511,43710.12,980,-3800.88,-0.08,-8
31951,25560.8,981,-6390.2,-0.2,-20
16480,16480,982,0,0,0
32212,32212,983,-9.82254E-11,-3.04934E-15,-3.04934E-13
54063,50819.22,984,-3243.78,-0.06,-6
20175,20175,985,0,0,0
32895,32237.1,986,-657.9,-0.02,-2
17274,17274,987,0,0,0
34083,33401.34,988,-681.66,-0.02,-2
26679,25611.84,989,-1067.16,-0.04,-4
42190,40502.4,990,-1687.6,-0.04,-4
47695,43879.4,991,-3815.6,-0.08,-8
30419,29202.24,992,-1216.76,-0.04,-4
34791,29920.26,993,-4870.74,-0.14,-14
16534,15872.64,994,-661.36,-0.04,-4
24818,24321.64,995,-496.36,-0.02,-2
45965,43207.1,996,-2757.9,-0.06,-6
41177,40353.46,997,-823.54,-0.02,-2
34992,34292.16,998,-699.84,-0.02,-2
34414,33725.72,999,-688.28,-0.02,-2
55283,51966.02,1000,-3316.98,-0.06,-6
40572,40572,1001,-1.01863E-10,-2.51068E-15,-2.51068E-13
21879,21879,1002,0,0,0
27537,27537,1003,-9.82254E-11,-3.56703E-15,-3.56703E-13
29028,28447.44,1004,-580.56,-0.02,-2
26117,25072.32,1005,-1044.68,-0.04,-4
24890,24392.2,1006,-497.8,-0.02,-2
40977,38518.38,1007,-2458.62,-0.06,-6
13858,13858,1008,-1.00044E-10,-7.21925E-15,-7.21925E-13
20281,19875.38,1009,-405.62,-0.02,-2
34715,33326.4,1010,-1388.6,-0.04,-4
25055,24052.8,1011,-1002.2,-0.04,-4
38720,37945.6,1012,-774.4,-0.02,-2
36932,36193.36,1013,-738.64,-0.02,-2
35480,31222.4,1014,-4257.6,-0.12,-12
26945,26945,1015,-9.82254E-11,-3.6454E-15,-3.6454E-13
30610,29997.8,1016,-612.2,-0.02,-2
26046,25525.08,1017,-520.92,-0.02,-2
23095,22171.2,1018,-923.8,-0.04,-4
28598,28026.04,1019,-571.96,-0.02,-2
29028,29028,1020,-9.82254E-11,-3.38382E-15,-3.38382E-13
36468,35738.64,1021,-729.36,-0.02,-2
14471,14471,1022,-1.00044E-10,-6.91344E-15,-6.91344E-13
23381,22445.76,1023,-935.24,-0.04,-4
26912,26373.76,1024,-538.24,-0.02,-2
36828,36828,1025,0,0,0
34378,31627.76,1026,-2750.24,-0.08,-8
29321,28734.58,1027,-586.42,-0.02,-2
36776,36040.48,1028,-735.52,-0.02,-2
19926,19527.48,1029,-398.52,-0.02,-2
25035,24534.3,1030,-500.7,-0.02,-2
18976,18976,1031,0,0,0
21404,20119.76,1032,-1284.24,-0.06,-6
14466,13887.36,1033,-578.64,-0.04,-4
17057,16715.86,1034,-341.14,-0.02,-2
27241,25061.72,1035,-2179.28,-0.08,-8
19317,19317,1036,0,0,0
20071,19669.58,1037,-401.42,-0.02,-2
23253,22787.94,1038,-465.06,-0.02,-2
20821,20404.58,1039,-416.42,-0.02,-2
27793,27793,1040,-9.82254E-11,-3.53418E-15,-3.53418E-13
28527,27956.46,1041,-570.54,-0.02,-2
39707,38912.86,1042,-794.14,-0.02,-2
17139,14739.54,1043,-2399.46,-0.14,-14
38292,37526.16,1044,-765.84,-0.02,-2
15651,15651,1045,-1.00044E-10,-6.39221E-15,-6.39221E-13
39815,37426.1,1046,-2388.9,-0.06,-6
18207,17478.72,1047,-728.28,-0.04,-4
26699,26165.02,1048,-533.98,-0.02,-2
19127,19127,1049,0,0,0
15011,15011,1050,-1.00044E-10,-6.66474E-15,-6.66474E-13
33025,30383,1051,-2642,-0.08,-8
19706,19311.88,1052,-394.12,-0.02,-2
22727,22272.46,1053,-454.54,-0.02,-2
24345,24345,1054,-9.82254E-11,-4.03473E-15,-4.03473E-13
38183,37419.34,1055,-763.66,-0.02,-2
33573,30887.16,1056,-2685.84,-0.08,-8
56321,54068.16,1057,-2252.84,-0.04,-4
22024,21583.52,1058,-440.48,-0.02,-2
35357,34649.86,1059,-707.14,-0.02,-2
25689,24661.44,1060,-1027.56,-0.04,-4
52934,50816.64,1061,-2117.36,-0.04,-4
13816,13816,1062,-1.00044E-10,-7.2412E-15,-7.2412E-13
34893,34893,1063,0,0,0
29231,28646.38,1064,-584.62,-0.02,-2
32066,31424.68,1065,-641.32,-0.02,-2
39042,39042,1066,0,0,0
25578,25066.44,1067,-511.56,-0.02,-2
42280,41434.4,1068,-845.6,-0.02,-2
41653,40819.94,1069,-833.06,-0.02,-2
22142,22142,1070,0,0,0
16086,15442.56,1071,-643.44,-0.04,-4
19756,17780.4,1072,-1975.6,-0.1,-10
25631,25631,1073,-9.82254E-11,-3.83229E-15,-3.83229E-13
37006,37006,1074,0,0,0
39598,38014.08,1075,-1583.92,-0.04,-4
24362,23387.52,1076,-974.48,-0.04,-4
42384,38145.6,1077,-4238.4,-0.1,-10
29057,28475.86,1078,-581.14,-0.02,-2
40081,32866.42,1079,-7214.58,-0.18,-18
29759,29759,1080,0,0,0
25847,25847,1081,-9.82254E-11,-3.80026E-15,-3.80026E-13
45701,44786.98,1082,-914.02,-0.02,-2
16498,16498,1083,-9.82254E-11,-5.95378E-15,-5.95378E-13
24767,23776.32,1084,-990.68,-0.04,-4
44737,42052.78,1085,-2684.22,-0.06,-6
44218,43333.64,1086,-884.36,-0.02,-2
19586,19194.28,1087,-391.72,-0.02,-2
39605,37228.7,1088,-2376.3,-0.06,-6
23946,23467.08,1089,-478.92,-0.02,-2
29981,29381.38,1090,-599.62,-0.02,-2
37039,32594.32,1091,-4444.68,-0.12,-12
25527,24505.92,1092,-1021.08,-0.04,-4
24372,23884.56,1093,-487.44,-0.02,-2
18381,18381,1094,0,0,0
46627,44761.92,1095,-1865.08,-0.04,-4
14963,14963,1096,-1.00044E-10,-6.68612E-15,-6.68612E-13
38408,37639.84,1097,-768.16,-0.02,-2
33965,33285.7,1098,-679.3,-0.02,-2
41343,33901.26,1099,-7441.74,-0.18,-18
31502,30871.96,1100,-630.04,-0.02,-2
19389,19001.22,1101,-387.78,-0.02,-2
39041,38260.18,1102,-780.82,-0.02,-2
20452,20042.96,1103,-409.04,-0.02,-2
9723,9723,1104,0,0,0
38273,36742.08,1105,-1530.92,-0.04,-4
20480,20070.4,1106,-409.6,-0.02,-2
41253,40427.94,1107,-825.06,-0.02,-2
21734,21734,1108,0,0,0
32283,29700.36,1109,-2582.64,-0.08,-8
21286,20434.56,1110,-851.44,-0.04,-4
21590,21590,1111,0,0,0
44754,44754,1112,-1.01863E-10,-2.27607E-15,-2.27607E-13
37472,37472,1113,-1.01863E-10,-2.71839E-15,-2.71839E-13
41749,36739.12,1114,-5009.88,-0.12,-12
26878,26340.44,1115,-537.56,-0.02,-2
18473,17734.08,1116,-738.92,-0.04,-4
15720,14776.8,1117,-943.2,-0.06,-6
21999,21119.04,1118,-879.96,-0.04,-4
30132,29529.36,1119,-602.64,-0.02,-2
53637,49346.04,1120,-4290.96,-0.08,-8
24038,24038,1121,0,0,0
25655,25141.9,1122,-513.1,-0.02,-2
32395,32395,1123,0,0,0
42350,41503,1124,-847,-0.02,-2
16322,15342.68,1125,-979.32,-0.06,-6
44951,43152.96,1126,-1798.04,-0.04,-4
26323,25796.54,1127,-526.46,-0.02,-2
39008,38227.84,1128,-780.16,-0.02,-2
32728,30764.32,1129,-1963.68,-0.06,-6
24567,24075.66,1130,-491.34,-0.02,-2
33664,32990.72,1131,-673.28,-0.02,-2
39571,38779.58,1132,-791.42,-0.02,-2
37586,36834.28,1133,-751.72,-0.02,-2
34777,34081.46,1134,-695.54,-0.02,-2
28333,28333,1135,0,0,0
25480,24970.4,1136,-509.6,-0.02,-2
23742,20418.12,1137,-3323.88,-0.14,-14
29207,28038.72,1138,-1168.28,-0.04,-4
18114,18114,1139,0,0,0
38872,34207.36,1140,-4664.64,-0.12,-12
16974,15955.56,1141,-1018.44,-0.06,-6
17653,16593.82,1142,-1059.18,-0.06,-6
40978,40158.44,1143,-819.56,-0.02,-2
17761,16695.34,1144,-1065.66,-0.06,-6
35151,33744.96,1145,-1406.04,-0.04,-4
26333,25806.34,1146,-526.66,-0.02,-2
34642,31177.8,1147,-3464.2,-0.1,-10
37241,36496.18,1148,-744.82,-0.02,-2
30270,29664.6,1149,-605.4,-0.02,-2
41963,40284.48,1150,-1678.52,-0.04,-4
22406,21957.88,1151,-448.12,-0.02,-2
29218,28633.64,1152,-584.36,-0.02,-2
8369,8369,1153,-9.09495E-12,-1.08674E-15,-1.08674E-13
16036,15073.84,1154,-962.16,-0.06,-6
16399,16399,1155,0,0,0
20595,20595,1156,-9.82254E-11,-4.76938E-15,-4.76938E-13
39781,38985.38,1157,-795.62,-0.02,-2
29030,28449.4,1158,-580.6,-0.02,-2
21734,21299.32,1159,-434.68,-0.02,-2
35355,31819.5,1160,-3535.5,-0.1,-10
22899,20609.1,1161,-2289.9,-0.1,-10
18735,18735,1162,0,0,0
22014,22014,1163,0,0,0
15158,15158,1164,-1.00044E-10,-6.60011E-15,-6.60011E-13
22190,22190,1165,0,0,0
41526,39864.96,1166,-1661.04,-0.04,-4
47350,41668,1167,-5682,-0.12,-12
30957,30957,1168,-9.82254E-11,-3.17296E-15,-3.17296E-13
21659,18193.56,1169,-3465.44,-0.16,-16
50636,49623.28,1170,-1012.72,-0.02,-2
38941,38162.18,1171,-778.82,-0.02,-2
41558,40726.84,1172,-831.16,-0.02,-2
21478,21478,1173,0,0,0
45590,44678.2,1174,-911.8,-0.02,-2
32795,32795,1175,0,0,0
21508,21508,1176,0,0,0
22890,22432.2,1177,-457.8,-0.02,-2
45864,41277.6,1178,-4586.4,-0.1,-10
19379,18991.42,1179,-387.58,-0.02,-2
25151,25151,1180,-9.82254E-11,-3.90543E-15,-3.90543E-13
14736,14736,1181,-1.00044E-10,-6.78912E-15,-6.78912E-13
19252,18481.92,1182,-770.08,-0.04,-4
25897,25897,1183,-9.82254E-11,-3.79293E-15,-3.79293E-13
40760,39944.8,1184,-815.2,-0.02,-2
26397,25341.12,1185,-1055.88,-0.04,-4
16614,15617.16,1186,-996.84,-0.06,-6
31113,28001.7,1187,-3111.3,-0.1,-10
25156,24652.88,1188,-503.12,-0.02,-2
32836,32179.28,1189,-656.72,-0.02,-2
43350,41616,1190,-1734,-0.04,-4
32382,31734.36,1191,-647.64,-0.02,-2
23580,23580,1192,0,0,0
30191,27775.72,1193,-2415.28,-0.08,-8
38032,34989.44,1194,-3042.56,-0.08,-8
22023,22023,1195,-9.82254E-11,-4.46013E-15,-4.46013E-13
20009,19608.82,1196,-400.18,-0.02,-2
27527,26976.46,1197,-550.54,-0.02,-2
11564,11564,1198,0,0,0
24783,24287.34,1199,-495.66,-0.02,-2
48255,47289.9,1200,-965.1,-0.02,-2
36376,35648.48,1201,-727.52,-0.02,-2
27973,26854.08,1202,-1118.92,-0.04,-4
36855,36117.9,1203,-737.1,-0.02,-2
18895,18895,1204,0,0,0
34360,33672.8,1205,-687.2,-0.02,-2
37838,37838,1206,-1.01863E-10,-2.69209E-15,-2.69209E-13
32896,32238.08,1207,-657.92,-0.02,-2
38011,34209.9,1208,-3801.1,-0.1,-10
40209,39404.82,1209,-804.18,-0.02,-2
38492,38492,1210,0,0,0
27792,27236.16,1211,-555.84,-0.02,-2
28394,27826.12,1212,-567.88,-0.02,-2
25143,24640.14,1213,-502.86,-0.02,-2
32095,30169.3,1214,-1925.7,-0.06,-6
18256,18256,1215,0,0,0
28625,28625,1216,0,0,0
17670,17316.6,1217,-353.4,-0.02,-2
29141,28558.18,1218,-582.82,-0.02,-2
31557,31557,1219,-9.82254E-11,-3.11264E-15,-3.11264E-13
8856,8856,1220,-9.09495E-12,-1.02698E-15,-1.02698E-13
48482,42664.16,1221,-5817.84,-0.12,-12
32744,32089.12,1222,-654.88,-0.02,-2
22216,21771.68,1223,-444.32,-0.02,-2
36082,35360.36,1224,-721.64,-0.02,-2
15742,15742,1225,-1.00044E-10,-6.35525E-15,-6.35525E-13
28581,28009.38,1226,-571.62,-0.02,-2
16048,16048,1227,-1.00044E-10,-6.23407E-15,-6.23407E-13
27511,27511,1228,0,0,0
28745,25870.5,1229,-2874.5,-0.1,-10
42061,39537.34,1230,-2523.66,-0.06,-6
16471,16141.58,1231,-329.42,-0.02,-2
27656,27102.88,1232,-553.12,-0.02,-2
18260,18260,1233,0,0,0
