value predictor(x_i),resource consumption(x_i),def_value1,value predictor(x_change),resource consumption(x_change),def_value2,,,,
-30347.5,43316,-0.700607166,-21684.61584,38118.08,-0.568880065,,,,
-27479,35460,-0.774929498,-20382.88664,34750.8,-0.586544386,,,,
-20707.86425,28691,-0.721754705,-14391.88326,28117.18,-0.511853723,,,,
-15990,22937,-0.697126913,-10482.36756,22019.52,-0.476048868,,,,
-14016,31958,-0.438575631,-6980.76588,31318.84,-0.222893501,,,,
-17456.64105,24386,-0.71584684,-11601.78596,23410.56,-0.495579173,,,,
-18545,25529,-0.726428767,-13437.30865,25018.42,-0.537096613,,,,
-23152.125,36113,-0.641102235,-15208.81577,35390.74,-0.429739976,,,,
-19777,29714,-0.665578515,-13830.73749,28525.44,-0.484856237,,,,
-17047,20028,-0.851158378,-17047,20028,-0.851158378,,,,
-18767.87377,24751,-0.758267293,-13319.18863,24255.98,-0.549109483,,,,
-12846.98213,19765,-0.649986447,-7705.31503,18579.1,-0.414730263,,,,
-21566.125,27564,-0.782401865,-14947.20354,26461.44,-0.564867352,,,,
-18738.85575,33685,-0.556296742,-12672.86095,32337.6,-0.39189244,,,,
-11470,23382,-0.490548285,-5855.04652,22446.72,-0.260841964,,,,
-38672.64092,41667,-0.928135957,-30336.90757,40833.66,-0.742938732,,,,
-8639,11621,-0.743395577,-6080.706576,11621,-0.523251577,,,,
-12996.61888,22916,-0.567141686,-7952.693155,21999.36,-0.361496569,,,,
-33714,37706,-0.894128255,-26170.68846,36951.88,-0.708236995,,,,
-20993.28508,26904,-0.780303489,-17226.08901,26365.92,-0.653346783,,,,
-31096.01982,39111,-0.795070947,-22487.56445,38328.78,-0.586701806,,,,
-28700,35689,-0.804169352,-21557.60821,34975.22,-0.616368052,,,,
-12796,21819,-0.586461341,-8429.319892,21382.62,-0.394213613,,,,
-42513,44474,-0.955906822,-42513,44474,-0.955906822,,,,
-10148,13090,-0.775248281,-8056.099274,13090,-0.615439211,,,,
-27056,32045,-0.844312685,-19363.53366,29481.4,-0.656805093,,,,
-18505,23448,-0.789193108,-14283.1407,22979.04,-0.621572559,,,,
-25889.84128,38841,-0.666559596,-18893.75795,38064.18,-0.496365821,,,,
-12677.99678,15591,-0.813161233,-9557.614038,15591,-0.613021233,,,,
-17401,25343,-0.686619579,-11821.99198,24836.14,-0.475999571,,,,
-9725,27710,-0.350956333,-3076.709,23830.6,-0.129107492,,,,
-13392.83912,21325,-0.62803466,-9126.1751,20898.5,-0.436690437,,,,
-23317.8834,34296,-0.679900962,-17143.63224,32238.24,-0.53177941,,,,
-12702,17695,-0.717829895,-8453.0766,16987.2,-0.497614474,,,,
-15537.625,22513,-0.690162351,-10586.23238,22062.74,-0.47982401,,,,
-15709,17667,-0.889171902,-15709,17667,-0.889171902,,,,
-13719,14657,-0.936003275,-10494.70116,14657,-0.716019728,,,,
-27491,36428,-0.75466674,-19473.1972,34970.88,-0.556840354,,,,
-8427.216145,10390,-0.811089138,-8428.99,10390,-0.811259865,,,,
-11003.57776,17951,-0.612978539,-5974.997349,16514.92,-0.361793902,,,,
-19334,27283,-0.70864641,-12782.26038,26191.68,-0.48802751,,,,
-27068,34036,-0.795275591,-18894.59496,32674.56,-0.57826624,,,,
-29155,35119,-0.830177397,-22127.1262,34416.62,-0.642919793,,,,
-20996,33953,-0.618384237,-13522.9447,29878.64,-0.452595724,,,,
-21170.97109,29158,-0.726077615,-14752.12897,28574.84,-0.516262872,,,,
-16120,24098,-0.668935181,-10815.06628,23616.04,-0.457954267,,,,
-9824,16797,-0.584866345,-5456.899081,15789.18,-0.345610037,,,,
-17463,25466,-0.685737847,-12366.43849,24956.68,-0.49551617,,,,
-8521,15515,-0.549210442,-4795.5382,14894.4,-0.32196921,,,,
-36374,43430,-0.83753166,-26813.3198,42561.4,-0.62999149,,,,
-11440,14426,-0.793012616,-7975.624952,14426,-0.552864616,,,,
-19514,36521,-0.534322718,-11473.42221,35790.58,-0.320571005,,,,
-35316,52322,-0.674974198,-24845.73994,50229.12,-0.494648123,,,,
-30420.25,38350,-0.793226858,-21978.648,37583,-0.584802916,,,,
-29876,36850,-0.810746269,-21766.691,36113,-0.602738377,,,,
-8784.862776,20726,-0.423857125,-4223.070176,18238.88,-0.231542188,,,,
-31385.80377,38366,-0.818062966,-22940.67985,37598.68,-0.610145884,,,,
-9051.75,16987,-0.532863366,-4632.75182,15967.78,-0.290131241,,,,
-22437.83555,26358,-0.85127231,-22437.83555,26358,-0.85127231,,,,
-14149,27114,-0.521833739,-8180.12404,26571.72,-0.307850754,,,,
-25212.55487,28172,-0.894950833,-20138.78114,28172,-0.714850956,,,,
-25879.375,27852,-0.929174745,-25883.99773,27852,-0.92934072,,,,
-28083.625,30104,-0.932886826,-24471.26542,30104,-0.812890826,,,,
-28513,31505,-0.905030947,-24099.7796,31505,-0.764950947,,,,
-39309,42319,-0.928873556,-30842.83014,41472.62,-0.743691383,,,,
-16439,23391,-0.702791672,-10821.88526,22455.36,-0.481928825,,,,
-21996,32976,-0.667030568,-14736.66336,32316.48,-0.456010783,,,,
-30366,33351,-0.910497436,-30363.20705,33351,-0.910413692,,,,
-28472,37442,-0.760429464,-20979.10696,36693.16,-0.571744351,,,,
-21641,39619,-0.54622782,-13711.97029,38826.62,-0.353159,,,,
-23291.85174,25214,-0.923766627,-19761.08489,25214,-0.783734627,,,,
-30346,33358,-0.909706817,-30346,33358,-0.909706817,,,,
-12434,20381,-0.610078014,-7950.225445,19973.38,-0.398041065,,,,
-21310,35232,-0.604847866,-16374.13773,34527.36,-0.474236598,,,,
-20318.75,38270,-0.530931539,-12659.69836,37504.6,-0.33755055,,,,
-28165,41148,-0.684480412,-19932.10816,36210.24,-0.550455014,,,,
-14540,16496,-0.8814258,-14540,16496,-0.8814258,,,,
-26325,45303,-0.581087345,-16353.8097,42584.82,-0.384029091,,,,
-14433.875,29453,-0.490064679,-7952.44782,24740.52,-0.321434142,,,,
-30454,30404,-1.00164452,-30454.43737,30404,-1.001658906,,,,
-38779,48767,-0.79518937,-28046.35864,44865.64,-0.62511888,,,,
-23899.71051,30871,-0.774179991,-16486.37309,29636.16,-0.556292485,,,,
-13229,16204,-0.816403357,-13229,16204,-0.816403357,,,,
-38909.56811,39963,-0.97363982,-38909.82521,39963,-0.973646253,,,,
-27609.63946,35574,-0.776118498,-22625.70801,34862.52,-0.648998065,,,,
-19026.59035,20961,-0.907713866,-19027.94357,20961,-0.907778425,,,,
-17944,20956,-0.856270281,-17944,20956,-0.856270281,,,,
-22125,29053,-0.761539256,-15729.27258,28471.94,-0.55244822,,,,
-42167,50186,-0.840214402,-31121.46289,46171.12,-0.67404609,,,,
-29063,35042,-0.829376177,-21351.55496,34341.16,-0.621748216,,,,
-31116.95266,43066,-0.722541045,-23359.73248,42204.68,-0.553486781,,,,
-27243.54515,32190,-0.846335668,-21448.94992,31546.2,-0.679921826,,,,
-34689.375,40736,-0.851565569,-25739.83661,39921.28,-0.644764813,,,,
-31321,34341,-0.912058472,-31321,34341,-0.912058472,,,,
-17193,24158,-0.711689709,-11391.69788,23191.68,-0.491197614,,,,
-20556,28536,-0.720353238,-14274.08496,27965.28,-0.510421671,,,,
-23181,26123,-0.887378938,-18998.08075,26123,-0.727254938,,,,
-18595,24600,-0.755894309,-12689.6224,23124,-0.548764158,,,,
-34213,50157,-0.682118149,-23178.46,39122.46,-0.592459165,,,,
-6349,13318,-0.476723232,-2886.42548,12518.92,-0.230565055,,,,
-36860.47017,54847,-0.672059915,-25887.77935,47168.42,-0.548837111,,,,
-26309,48235,-0.545433814,-18586.48329,45340.9,-0.409927533,,,,
-22448,29376,-0.76416122,-15981.16736,28788.48,-0.555123694,,,,
-26633.125,31683,-0.840612474,-20294.75075,31049.34,-0.653629055,,,,
-26538.80148,29509,-0.899346012,-21813.70236,29509,-0.739222012,,,,
-22508.81693,29416,-0.765189588,-16621.84709,28827.68,-0.576593298,,,,
-12629,14586,-0.865830248,-9417.979616,14586,-0.645686248,,,,
-21823,28786,-0.758111582,-15486.62568,28210.28,-0.548971002,,,,
-16705,24662,-0.677357879,-11276.40056,24168.76,-0.466569264,,,,
-30245,37187,-0.81332186,-22060.53853,36443.26,-0.605339328,,,,
-13246,21213,-0.624428417,-7727.65018,19940.22,-0.387540869,,,,
-8043,17976,-0.447429907,-4446.391749,17616.48,-0.252399557,,,,
-21813,27821,-0.784048021,-15132.06506,26708.16,-0.566570855,,,,
-34457,37433,-0.920497956,-34462.99926,37433,-0.920658223,,,,
-21582,23569,-0.915694344,-21581.39159,23569,-0.91566853,,,,
-14567,16520,-0.881779661,-14567,16520,-0.881779661,,,,
-6979,8983,-0.776911945,-6799.807116,8983,-0.756963945,,,,
-27036,30980,-0.872692059,-21456.39489,30360.4,-0.706723063,,,,
-28180,50169,-0.561701449,-19145.65591,45152.1,-0.424025813,,,,
-13879.5023,21820,-0.636090848,-9512.622058,21383.6,-0.444855967,,,,
-15329.90299,18309,-0.837287836,-15329.90299,18309,-0.837287836,,,,
-30965,42926,-0.721357685,-22375.5074,38633.4,-0.579175206,,,,
-10211,17132,-0.596019145,-6096.92152,16446.72,-0.370707443,,,,
-18839,21766,-0.865524212,-18842.55,21766,-0.86568731,,,,
-15499,27504,-0.563518034,-8895.2896,23653.44,-0.376067481,,,,
-19444.375,32396,-0.600209131,-12312.71956,31748.08,-0.387825644,,,,
-19772.75,27789,-0.711531541,-13655.27954,27233.22,-0.50141994,,,,
-13450.58118,20443,-0.657955348,-9359.282701,20034.14,-0.467166682,,,,
-25562.125,32554,-0.785222246,-18397.5805,31902.92,-0.576673875,,,,
-32106.25,38098,-0.842727965,-23720.32011,37336.04,-0.635319657,,,,
-21302,23284,-0.914877169,-21302,23284,-0.914877169,,,,
-16423,24364,-0.674068297,-10572.22904,23389.44,-0.452008643,,,,
-20051,27037,-0.741613345,-14099.07482,26496.26,-0.532115658,,,,
-13902.5,26848,-0.517822557,-9068.185959,24700.16,-0.367130657,,,,
-15644,31571,-0.495518039,-9960.06574,29676.74,-0.335618594,,,,
-8726.957925,14685,-0.594277012,-5200.502025,14097.6,-0.368892721,,,,
-9847.834192,16825,-0.58530961,-6143.978692,16488.5,-0.372622051,,,,
-33228,40175,-0.827081518,-25187.6969,39371.5,-0.639744406,,,,
-29414,36342,-0.809366573,-22867.93359,35615.16,-0.642084258,,,,
-38437,43431,-0.885013009,-29748.36786,42562.38,-0.698935724,,,,
-7541,14525,-0.519173838,-4343.4665,14234.5,-0.30513657,,,,
-18807,25811,-0.728642827,-12607.00849,24778.56,-0.508786971,,,,
-22352,24318,-0.919154536,-22352,24318,-0.919154536,,,,
-15611,17588,-0.887593814,-15610.07695,17588,-0.887541332,,,,
-17611.87518,25579,-0.688528683,-11469.33412,24555.84,-0.467071545,,,,
-18615.25,26630,-0.699033045,-13286.16092,26097.4,-0.509099026,,,,
-14204.625,28195,-0.503799433,-8561.90326,27631.1,-0.309864727,,,,
-12593.56054,20593,-0.611545697,-7236.883249,19357.42,-0.373855775,,,,
-18944.89431,26909,-0.704035613,-13021.15274,26370.82,-0.493771249,,,,
-13228,15149,-0.87319295,-11408.48391,15149,-0.75308495,,,,
-13136.93668,30116,-0.436211206,-8314.883227,29513.68,-0.281729802,,,,
-10050.97313,12987,-0.773925705,-10050.97313,12987,-0.773925705,,,,
-11132,16053,-0.693452937,-7919.281004,15731.94,-0.503388711,,,,
-8727,11651,-0.749034418,-5928.12886,11651,-0.508808588,,,,
-7516,14443,-0.520390501,-4336.51798,14154.14,-0.306378062,,,,
-31817,44784,-0.710454627,-22854.82592,43888.32,-0.520749619,,,,
-8399,18360,-0.457461874,-3990.0296,17625.6,-0.226376952,,,,
-26502,33521,-0.790608872,-19122.68706,32850.58,-0.582111094,,,,
-32715.1537,35753,-0.915032409,-32715.1537,35753,-0.915032409,,,,
-24705,31690,-0.779583465,-17729.3972,31056.2,-0.570881087,,,,
-21288,27239,-0.781526488,-15838.67462,26694.22,-0.593337232,,,,
-26336,36376,-0.723993842,-19057.88992,34193.44,-0.557355151,,,,
-15031,16954,-0.886575439,-15031,16954,-0.886575439,,,,
-8667,26661,-0.32508158,-3331.280748,26127.78,-0.127499571,,,,
-38449.7547,44449,-0.865030815,-28664.75184,43560.02,-0.658051852,,,,
-26862,34831,-0.771209555,-19891.15092,34134.38,-0.582730693,,,,
-20553,30549,-0.67278798,-14440.75608,29327.04,-0.492404146,,,,
-22637,32630,-0.693748085,-15459.126,30672.2,-0.504010994,,,,
-15129,18073,-0.837105074,-14769.2359,18073,-0.81719891,,,,
-11555,19530,-0.591653866,-6865.0658,18748.8,-0.366160277,,,,
-14494.57286,25449,-0.56955373,-9402.6451,22904.1,-0.410522356,,,,
-31663,41599,-0.761148105,-22504.70788,40767.02,-0.552032204,,,,
-10681,24665,-0.433042773,-5256.15949,21705.2,-0.242161302,,,,
-20229,27169,-0.744561817,-14248.01634,26625.62,-0.535124303,,,,
-15898.97032,22856,-0.695614732,-10410.33048,21941.76,-0.474452846,,,,
-10542,17491,-0.602709965,-6691.88108,17141.18,-0.390397924,,,,
-20308.59746,30269,-0.670937179,-13646.53233,28452.86,-0.479619003,,,,
-22468,30408,-0.738884504,-15773.98288,29799.84,-0.529331127,,,,
-30279.375,32228,-0.939536273,-26412.92687,32228,-0.819564567,,,,
-24204,31139,-0.77728893,-17349.68332,30516.22,-0.568539725,,,,
-29718,44695,-0.664906589,-19881.5244,41119.4,-0.483507162,,,,
-29207,32161,-0.908149622,-22770.29746,32161,-0.708009622,,,,
-26743.87608,28757,-0.929995343,-26744.45,28757,-0.930015301,,,,
-24119,33098,-0.728714726,-16833.46824,31774.08,-0.529786173,,,,
-17267,20255,-0.852480869,-17267,20255,-0.852480869,,,,
-16047.90969,19017,-0.843871782,-16047.90969,19017,-0.843871782,,,,
-22905,43904,-0.52170645,-14119.8096,39513.6,-0.3573405,,,,
-20389,36375,-0.560522337,-13115.49086,33465,-0.391916655,,,,
-9772,16705,-0.584974559,-5761.612094,16036.8,-0.359274425,,,,
-10829,21775,-0.497313433,-6907.758,20904,-0.330451493,,,,
-5653,17651,-0.320265141,-2121.0349,15885.9,-0.133516823,,,,
-15930,30930,-0.515033948,-8504.9442,25362.6,-0.335334082,,,,
-18888,26829,-0.704014313,-12982.40052,26292.42,-0.493769707,,,,
-7904,10835,-0.729487771,-5735.61312,10835,-0.529359771,,,,
-24674,27697,-0.890854605,-19130.83321,27697,-0.690718605,,,,
-28775.92679,30742,-0.936046021,-28775.98,30742,-0.936047752,,,,
-44497,52489,-0.847739526,-33994.37101,49339.66,-0.68898673,,,,
-24852.625,32842,-0.756732994,-17622.78712,32185.16,-0.547543872,,,,
-40849,42869,-0.952879703,-40849,42869,-0.952879703,,,,
-26356.52237,36322,-0.725635217,-18362.77661,33416.24,-0.549516541,,,,
-19152.75,35080,-0.545973489,-12132.11944,34378.4,-0.352899479,,,,
-17601.66742,19510,-0.902186951,-17601.98727,19510,-0.902203346,,,,
-24372.59833,36360,-0.670313485,-17097.12977,35632.8,-0.479814378,,,,
-29090.125,42066,-0.691535325,-21518.33062,41224.68,-0.521976899,,,,
-35427,42424,-0.835069772,-26936.60003,41575.52,-0.647895686,,,,
-28558.27635,41525,-0.687736938,-19423.80181,35711.5,-0.543908876,,,,
-18570.73379,25519,-0.727721846,-12952.98113,25008.62,-0.517940659,,,,
-30140.75,38114,-0.790805216,-22518.42062,37351.72,-0.602875065,,,,
-23692,30634,-0.773389045,-16948.23124,30021.32,-0.564539842,,,,
-12804.10732,23751,-0.539097609,-7103.3549,20425.86,-0.347762831,,,,
-17878,23863,-0.749193312,-12625.27644,23385.74,-0.539870726,,,,
-25723,26678,-0.964202714,-25722.06147,26678,-0.964167534,,,,
-30534,31477,-0.970041618,-27385.67046,31477,-0.870021618,,,,
-18936,25910,-0.730837514,-12713.9726,24873.6,-0.511143244,,,,
-13128.08572,26088,-0.503223157,-7385.94768,25566.24,-0.288894561,,,,
-10885,19869,-0.547838341,-6908.577292,19471.62,-0.354802389,,,,
-26784,36801,-0.72780631,-18684.83592,33856.92,-0.551876423,,,,
-26875,26787,-1.003285176,-26876.95,26787,-1.003357972,,,,
-30256,38167,-0.792726701,-23381.6653,37403.66,-0.625117042,,,,
-26265,31258,-0.840264892,-18759.12424,30007.68,-0.625144104,,,,
-22101.70383,27041,-0.817340477,-17232.91769,26500.18,-0.650294364,,,,
-32352.73015,39337,-0.822450369,-24480.13767,38550.26,-0.635018744,,,,
-11606,23541,-0.493012191,-5956.85426,22599.36,-0.263585086,,,,
-21490,28453,-0.755280638,-14657.29658,27314.88,-0.536604832,,,,
-23120,35059,-0.659459768,-16103.57221,34357.82,-0.468701804,,,,
-22404.73124,24382,-0.91890457,-16549.63776,24382,-0.67876457,,,,
-24851,33864,-0.733847153,-17396.85632,32509.44,-0.535132451,,,,
-38417,40435,-0.950092741,-38417,40435,-0.950092741,,,,
-5925.993457,13841,-0.428147782,-2048.575717,12733.72,-0.160878024,,,,
-29625.83783,39555,-0.74897833,-21710.73461,37181.7,-0.583909144,,,,
-14847.98623,18757,-0.791597069,-14847.98623,18757,-0.791597069,,,,
-26054,38008,-0.685487266,-18447.38294,37247.84,-0.495260475,,,,
-32439,43411,-0.747253,-22885.97534,39069.9,-0.58577,,,,
-25135,33118,-0.758952835,-18507.02842,32455.64,-0.570225342,,,,
-34702,50643,-0.685227968,-23560.54,39501.54,-0.596446113,,,,
-35794,49756,-0.719390626,-25837.8244,47765.76,-0.540927736,,,,
-39665,59670,-0.6647394,-27729.44323,53703,-0.516348123,,,,
-30110.375,33074,-0.910394116,-30110.375,33074,-0.910394116,,,,
-25273,33256,-0.759953091,-18617.9423,32590.88,-0.571262338,,,,
-21539,30534,-0.705410362,-15427.05566,29923.32,-0.515552942,,,,
-27993,40959,-0.683439537,-19797.92328,36043.92,-0.549272201,,,,
-19353,22368,-0.865209227,-19353,22368,-0.865209227,,,,
-25383,32332,-0.785073611,-18265.43352,31685.36,-0.576462869,,,,
-8970,11915,-0.752832564,-6108.7319,11915,-0.512692564,,,,
-44872,53895,-0.832581872,-34092.28464,49583.4,-0.687574564,,,,
-31270,33276,-0.939716312,-31270,33276,-0.939716312,,,,
-7209,22142,-0.325580345,-2335.98864,19042.12,-0.12267482,,,,
-14655.81502,37626,-0.38951297,-7879.4474,34615.92,-0.22762496,,,,
-28957,40944,-0.707234271,-20764.1056,36849.6,-0.563482524,,,,
-14397.75,27352,-0.526387467,-7836.950332,26257.92,-0.298460439,,,,
-11445,28376,-0.403333803,-5768.8924,25538.4,-0.225890909,,,,
-23164,31105,-0.744703424,-15694.4453,29860.8,-0.5255869,,,,
-32276.375,34245,-0.942513506,-32276.375,34245,-0.942513506,,,,
-11803.09726,13736,-0.859281979,-9054.846848,13736,-0.659205507,,,,
-12010,13961,-0.860253563,-7819.46624,13961,-0.560093563,,,,
-19445,27388,-0.709982474,-13961.76234,26840.24,-0.520180234,,,,
-21680,41687,-0.520066208,-12504.60068,38352.04,-0.326047863,,,,
-13716,21706,-0.631899014,-8503.52116,20837.76,-0.408082306,,,,
-23425,31375,-0.746613546,-16516.8988,30747.5,-0.537178594,,,,
-39656.875,46617,-0.850695562,-30327.32156,45684.66,-0.663840369,,,,
-23109,30106,-0.767587856,-17083.82601,29503.88,-0.579036588,,,,
-15650,24589,-0.636463459,-10236.97754,24097.22,-0.424819856,,,,
-24380.02153,25338,-0.962192025,-22352.37096,25338,-0.882167928,,,,
-26795.2626,38767,-0.691187417,-18262.6459,34114.96,-0.53532661,,,,
-10654.81741,17634,-0.60422011,-7125.689726,17281.32,-0.412334806,,,,
-35816,52795,-0.678397576,-25252.7764,46459.6,-0.543542699,,,,
-22570,25540,-0.883711825,-17969.53088,25540,-0.703583825,,,,
-13323,23315,-0.571434699,-8657.6685,22848.7,-0.378912958,,,,
-32905,34865,-0.943783164,-32905,34865,-0.943783164,,,,
-24701.9325,26636,-0.927388966,-24701.9325,26636,-0.927388966,,,,
-30444.875,32440,-0.938497996,-26551.81548,32440,-0.818489996,,,,
-11145,14097,-0.790593743,-7477.750032,14097,-0.530449743,,,,
-15413,33381,-0.461729726,-8066.016725,32713.38,-0.24656629,,,,
-16672,16630,-1.002525556,-16671.95559,16630,-1.002522886,,,,
-19012,30984,-0.613607023,-11571.12422,29744.64,-0.38901544,,,,
-23783.75,35775,-0.664814815,-15914.68822,31482,-0.505517064,,,,
-41064,53085,-0.773551851,-30442.7532,46714.8,-0.651672558,,,,
-9520,20507,-0.464231726,-5007.22958,18866.44,-0.26540405,,,,
-36150,43157,-0.837639317,-26649.41802,42293.86,-0.630101344,,,,
-12090,25043,-0.482769636,-6578.0357,22037.84,-0.298488223,,,,
-28720,33666,-0.8530862,-21985.33079,32992.68,-0.666369958,,,,
-22673.99271,31682,-0.715674285,-15700.78451,30414.72,-0.516223214,,,,
-20267.43296,26248,-0.772151515,-14494.75804,25723.04,-0.563493197,,,,
-13532.5,26524,-0.510198311,-7693.50664,25993.52,-0.295977868,,,,
-21896,38854,-0.563545581,-13342.68044,38076.92,-0.350413858,,,,
-12361.66856,14342,-0.861920831,-10065.17015,14342,-0.701796831,,,,
-12114,29119,-0.416017034,-6286.356292,28536.62,-0.220290851,,,,
-10790,18759,-0.575190575,-5910.03374,17633.46,-0.335160186,,,,
-30750,42716,-0.719870774,-21346.49976,41861.68,-0.509929362,,,,
-27583.22488,35535,-0.776226956,-20471.53426,34824.3,-0.587851996,,,,
-34074,36088,-0.944191975,-34081.71783,36088,-0.944405837,,,,
-20285,32278,-0.62844662,-13825.1393,31632.44,-0.437055735,,,,
-27667,32655,-0.847251569,-21134.17132,32001.9,-0.660403642,,,,
-20372.78425,32305,-0.630638732,-13261.16155,31658.9,-0.418876258,,,,
-16690,19625,-0.85044586,-16690,19625,-0.85044586,,,,
-30130.40587,38036,-0.792154955,-23281.20997,37275.28,-0.624575053,,,,
-32713,34703,-0.942656255,-32713,34703,-0.942656255,,,,
-22369.92905,30323,-0.7377215,-15694.62383,29716.54,-0.528144388,,,,
-27290.97087,37257,-0.732505861,-21326.87031,36511.86,-0.584108022,,,,
-7441,16388,-0.454051745,-3177.82568,15404.72,-0.206289091,,,,
-37081,45012,-0.823802542,-28073.19856,44111.76,-0.636410757,,,,
-24295.625,36294,-0.669411611,-16308.31362,35568.12,-0.458509295,,,,
-11509,18446,-0.623929307,-7449.28756,18077.08,-0.412084671,,,,
-26410,34385,-0.768067471,-18840.4861,33697.3,-0.559109665,,,,
-25268,31191,-0.810105479,-17780.28854,29943.36,-0.593797374,,,,
-22800,28774,-0.792382012,-16468.10866,27623.04,-0.596172929,,,,
-17484,29486,-0.592959371,-11583.08069,26537.4,-0.436481369,,,,
-10371,12315,-0.842143727,-7660.17294,12315,-0.622019727,,,,
-25890,33879,-0.764190206,-19787.579,33201.42,-0.595985925,,,,
-6394.875535,9356,-0.683505295,-4522.448206,9356,-0.483374114,,,,
-22105,30036,-0.735950193,-15491.27017,29435.28,-0.526282412,,,,
-22459.50823,24446,-0.918739599,-19526.5921,24446,-0.798764301,,,,
-14360,16297,-0.881143769,-10120.30286,16297,-0.620991769,,,,
-10643.8454,15616,-0.681598707,-7206.461152,15616,-0.461479326,,,,
-21682.8877,25652,-0.845270844,-19630.83031,25652,-0.765274844,,,,
-26766,31689,-0.844646407,-20426.65327,31055.22,-0.65775265,,,,
-23231.89427,30166,-0.770135062,-15987.83103,28959.36,-0.552078189,,,,
-26378,27307,-0.965979419,-26378,27307,-0.965979419,,,,
-24286,26292,-0.923703028,-17972.02878,26292,-0.683555028,,,,
-21023,27976,-0.751465542,-14304.84336,26856.96,-0.532630773,,,,
-14813,22740,-0.651407212,-10261.99832,22285.2,-0.46048491,,,,
-41273,43228,-0.954774683,-41273,43228,-0.954774683,,,,
-11602,18546,-0.62557964,-6777.44356,17433.24,-0.388765574,,,,
-20184.83723,28112,-0.718014984,-15121.9922,27549.76,-0.548897421,,,,
-26969,32937,-0.818805599,-21695.25931,32278.26,-0.672132243,,,,
-11587,23569,-0.491620349,-6870.088892,23097.62,-0.297437091,,,,
-31086.1971,38055,-0.816875499,-24231.57828,37293.9,-0.649746427,,,,
-29040.83363,44027,-0.659614183,-20231.91147,41385.38,-0.488866152,,,,
-23339.99036,33267,-0.701595887,-18014.20979,32601.66,-0.552554986,,,,
-26642,28625,-0.930724891,-26643.87916,28625,-0.930790538,,,,
-19643,27663,-0.710082059,-13553.26718,27109.74,-0.499940877,,,,
-17493,25439,-0.687644955,-11892.85854,24930.22,-0.477045872,,,,
-28762,37736,-0.762189951,-20461.3064,35471.84,-0.576832394,,,,
-20706.59157,28659,-0.722516193,-13825.77774,27512.64,-0.502524576,,,,
-8916.75,18942,-0.470739626,-4746.85812,18563.16,-0.255713904,,,,
-17851,28809,-0.619632754,-13238.6791,27080.46,-0.488864632,,,,
-8268,11222,-0.736767065,-5124.26892,11222,-0.456627065,,,,
-17543,20468,-0.857094,-17545.04546,20468,-0.857193935,,,,
-29391,41378,-0.710304993,-20282.04708,40550.44,-0.50016836,,,,
-18821.77749,26740,-0.703880983,-14005.26173,26205.2,-0.534445901,,,,
-28619.90813,41628,-0.68751581,-19458.41789,35800.08,-0.543530011,,,,
-32384.02661,52374,-0.618322576,-21903.98921,47136.6,-0.464691751,,,,
-27272.98868,33217,-0.821055143,-19963.38853,31888.32,-0.626040774,,,,
-28621,35603,-0.80389293,-21495.80159,34890.94,-0.616085482,,,,
-19446,26393,-0.736786269,-13107.98498,25337.28,-0.517339864,,,,
-27886,31897,-0.874251497,-21504.81377,31259.06,-0.687954589,,,,
-12556.85752,25501,-0.492406475,-7453.343868,24990.98,-0.29824136,,,,
-28334.23088,30355,-0.933428789,-22871.71972,30355,-0.753474542,,,,
-18074,31020,-0.582656351,-11865.66202,27918,-0.42501834,,,,
-31224.84869,33201,-0.940479163,-31224.84869,33201,-0.940479163,,,,
-23784,28842,-0.824630747,-18012.94654,28842,-0.624538747,,,,
-32647.875,42609,-0.766220165,-23270.48638,39200.28,-0.593630616,,,,
-10336,34277,-0.301543309,-2792.31784,29478.22,-0.094724778,,,,
-15340.0316,28298,-0.542088897,-9678.1702,25468.2,-0.380009981,,,,
-32469.375,34461,-0.942206407,-26263.08674,34461,-0.762110407,,,,
-7349.773375,20267,-0.362647327,-2077.633163,19050.98,-0.109056498,,,,
-20261.83533,28231,-0.717715821,-14611.90884,27666.38,-0.528146756,,,,
-34511,36447,-0.946881774,-34511,36447,-0.946881774,,,,
-12727,15700,-0.810636943,-12727,15700,-0.810636943,,,,
-36436,44430,-0.820076525,-27544.6684,43541.4,-0.632608699,,,,
-27462.35917,34459,-0.79695752,-19877.18574,33769.82,-0.588607986,,,,
-10874.87513,12861,-0.84556995,-7529.471809,12861,-0.58544995,,,,
-14619.64862,24610,-0.594053174,-8218.587615,22641.2,-0.362992581,,,,
-13468,30442,-0.442415084,-6766.49812,29833.16,-0.226811311,,,,
-21157,23158,-0.913593575,-21157,23158,-0.913593575,,,,
-23628.95475,25599,-0.923042101,-18503.67059,25599,-0.722827868,,,,
-27763.24986,30756,-0.902693779,-27764.99,30756,-0.902750358,,,,
-12507,20487,-0.610484698,-7179.836321,19257.78,-0.37282783,,,,
-21825,29759,-0.733391579,-15273.85374,29163.82,-0.523726101,,,,
-26316,37316,-0.705220281,-18104.14666,33584.4,-0.539064169,,,,
-21842.94974,24794,-0.880977242,-21842.94974,24794,-0.880977242,,,,
-23232.125,25203,-0.921799984,-23232.125,25203,-0.921799984,,,,
-12905.84165,26827,-0.481076589,-7537.758953,24144.3,-0.31219621,,,,
-25925,28933,-0.896035669,-25925,28933,-0.896035669,,,,
-23866.34899,30872,-0.773074274,-17688.06392,30254.56,-0.584641255,,,,
-27843,29825,-0.933545683,-27843,29825,-0.933545683,,,,
-19938,22927,-0.869629694,-19938,22927,-0.869629694,,,,
-24007.75,25995,-0.923552606,-24007.75,25995,-0.923552606,,,,
-33911,36903,-0.918922581,-33911,36903,-0.918922581,,,,
-22093,35070,-0.629968634,-15075.493,31563,-0.477631816,,,,
-15804,17756,-0.89006533,-15804,17756,-0.89006533,,,,
-14685,24675,-0.595136778,-9747.039,24181.5,-0.403078345,,,,
-21577,29543,-0.730359138,-15665.39227,28952.14,-0.541078907,,,,
-27142,39139,-0.693477094,-19314.0122,38356.22,-0.503543159,,,,
-39747,46684,-0.851405192,-30404.03771,45750.32,-0.664564482,,,,
-37553.47037,45536,-0.824698488,-28441.03542,44625.28,-0.637330128,,,,
-23432,30399,-0.770814829,-16739.96414,29791.02,-0.561913091,,,,
-9466,12432,-0.761422136,-7228.668432,12432,-0.581456598,,,,
-9371,24348,-0.384877608,-4011.51824,23374.08,-0.171622508,,,,
-11814,14752,-0.800840564,-11814,14752,-0.800840564,,,,
-25550,28516,-0.895988217,-25550,28516,-0.895988217,,,,
-32164,35138,-0.915362286,-32165.97097,35138,-0.915418378,,,,
-20584,28545,-0.721107024,-14300.6746,27974.1,-0.511211249,,,,
-23501.375,30497,-0.770612683,-16177.82542,29277.12,-0.552575712,,,,
-33670,44642,-0.754222481,-24738.92148,41070.64,-0.602350523,,,,
-28641.125,41620,-0.688157737,-19481.05674,39955.2,-0.4875725,,,,
-8489.981427,26465,-0.320800356,-3194.334927,23818.5,-0.134111507,,,,
-33542,42493,-0.789353541,-24189.2907,39943.42,-0.605588873,,,,
-22619.375,29594,-0.764323005,-16698.39432,29002.12,-0.57576461,,,,
-22847,32872,-0.695029204,-16926.7528,32214.56,-0.525437963,,,,
-25105,38046,-0.659859118,-19012.69096,37285.08,-0.509927589,,,,
-14452,29403,-0.491514471,-7980.3997,27638.82,-0.288738799,,,,
-12146.63574,19050,-0.637618674,-7572.7764,18288,-0.414084449,,,,
-27449,39445,-0.69588034,-18767.1555,34711.6,-0.540659477,,,,
-29115.98913,30094,-0.967501466,-23695.09672,30094,-0.787369466,,,,
-26729,34670,-0.770954716,-19789.2717,33976.6,-0.582438257,,,,
-18258.98655,21223,-0.860339563,-18258.98655,21223,-0.860339563,,,,
-12232,26204,-0.466798962,-6465.41144,25679.92,-0.251769143,,,,
-8031,22998,-0.349204279,-3438.62024,22538.04,-0.152569622,,,,
-13208,21170,-0.623901748,-8547.6362,20746.6,-0.412001783,,,,
-15628,15552,-1.004886831,-15631.98,15552,-1.005142747,,,,
-10474,24429,-0.428752712,-5096.19994,23940.42,-0.212870114,,,,
-20084,28080,-0.715242165,-14464.29344,27518.4,-0.525622618,,,,
-17574.7158,20542,-0.855550375,-17575.82935,20542,-0.855604583,,,,
-26337.25,39307,-0.670039688,-17685.7793,34590.16,-0.5112951,,,,
-34628,42635,-0.812196552,-25243.1838,40929.6,-0.616746408,,,,
-34018.41665,34991,-0.972204757,-34018.78861,34991,-0.972215387,,,,
-5702,18695,-0.305001337,-1960.53226,18321.1,-0.107009528,,,,
-29272,31234,-0.937183838,-23646.7566,31234,-0.757083838,,,,
-30170,37186,-0.811326843,-21989.7614,36442.28,-0.603413436,,,,
-15584,18522,-0.841377821,-15585.96266,18522,-0.841483785,,,,
-28771,31751,-0.906144688,-22417.24389,31751,-0.706032688,,,,
-25122.44249,32057,-0.783680397,-18065.41451,31415.86,-0.575041222,,,,
-24963,36896,-0.676577407,-19793.8704,35420.16,-0.558830632,,,,
-16110,18126,-0.88877855,-16110,18126,-0.88877855,,,,
-11739,20748,-0.565789474,-6341.61528,19503.12,-0.325159015,,,,
-21465,28409,-0.755570418,-15781.44928,27840.82,-0.566845707,,,,
-19516,26522,-0.735841943,-14208.0991,25991.56,-0.546642799,,,,
-10264,20224,-0.507515823,-5407.81312,19010.56,-0.284463641,,,,
-27052,30031,-0.900802504,-27050.96825,30031,-0.900768148,,,,
-14346,26356,-0.544316285,-8017.9244,22666.16,-0.353739866,,,,
-17892,23851,-0.750157226,-13121.20711,23373.98,-0.561359559,,,,
-23711.44515,30694,-0.772510756,-16957.00712,30080.12,-0.563728041,,,,
-18374.99126,18334,-1.002235806,-18374.99126,18334,-1.002235806,,,,
-18948.31714,31908,-0.593842207,-13839.97867,31269.84,-0.442598321,,,,
-12290.98803,20248,-0.607022325,-7428.633314,19438.08,-0.382169088,,,,
-21382,30339,-0.704769439,-14707.77932,29125.44,-0.504980502,,,,
-12088,14062,-0.859621675,-12088,14062,-0.859621675,,,,
-22529,37485,-0.601013739,-15780.00341,32237.1,-0.489498231,,,,
-27564,30534,-0.902731381,-27564,30534,-0.902731381,,,,
-22776.875,40730,-0.55921618,-13817.79559,35027.8,-0.394480829,,,,
-21207.75757,23137,-0.91661657,-21209.98159,23137,-0.916712694,,,,
-7738.768216,25725,-0.300826753,-1561.294871,24696,-0.063220557,,,,
-27729,30717,-0.902724875,-27729,30717,-0.902724875,,,,
-25954.16246,29939,-0.866901448,-19962.53027,29939,-0.666773448,,,,
-28051,30028,-0.934161449,-25647.47436,30028,-0.854118635,,,,
-27836,31835,-0.87438354,-21465.81576,31198.3,-0.688044405,,,,
-14062,17029,-0.825767808,-14062.96,17029,-0.825824182,,,,
-31540,37550,-0.839946738,-23276.8972,36048,-0.645719518,,,,
-17483.875,19488,-0.897161073,-17488.42951,19488,-0.897394782,,,,
-34818,46827,-0.74354539,-25447.9173,42144.3,-0.603828212,,,,
-29306,32298,-0.907362685,-23488.22586,32298,-0.727234685,,,,
-28429,45429,-0.625789694,-19337.20337,44520.42,-0.434344586,,,,
-18566.14962,19508,-0.951719788,-18566.63493,19508,-0.951744665,,,,
-13890,32896,-0.422239786,-7308.16832,28948.48,-0.252454302,,,,
-39054,47065,-0.82978859,-29635.3522,46123.7,-0.64251897,,,,
-14210.81826,21174,-0.671144718,-9973.325032,20750.52,-0.480630126,,,,
-32497.87763,39475,-0.823252125,-24597.66693,38685.5,-0.635836862,,,,
-23479.09303,27426,-0.856088858,-23482.90724,27426,-0.856227931,,,,
-6218,11193,-0.555525775,-3977.83298,11193,-0.355385775,,,,
-24174,41212,-0.586576725,-15927.4788,37090.8,-0.429418584,,,,
-31131.625,38080,-0.817532169,-23521.0169,37318.4,-0.63027935,,,,
-6880.859776,12793,-0.537861313,-3044.28242,11513.7,-0.264405223,,,,
-31290,46262,-0.676365051,-22035.74952,38860.08,-0.567053632,,,,
-14537,16472,-0.882527926,-12229.07514,16472,-0.742415926,,,,
-7518,14494,-0.518697392,-4037.945422,13914.24,-0.29020237,,,,
-25301.55646,33297,-0.759874958,-18637.76126,32631.06,-0.571166283,,,,
-32372.25,33355,-0.970536651,-32376.88,33355,-0.970675461,,,,
-26150,28075,-0.93143366,-26150,28075,-0.93143366,,,,
-31214,33184,-0.940634041,-31214,33184,-0.940634041,,,,
-21426.94075,33354,-0.642409928,-15419.08485,32686.92,-0.471720335,,,,
-13773.9,17715,-0.777527519,-13773.93,17715,-0.777529213,,,,
-11110,18079,-0.61452514,-6406.92894,16994.26,-0.377005468,,,,
-26928,43885,-0.613603737,-18146.10618,39496.5,-0.459435803,,,,
-23867,28796,-0.828830393,-18103.99893,28220.08,-0.641528973,,,,
-9487,17475,-0.542889843,-5989.6933,17125.5,-0.349752901,,,,
-27507,30561,-0.900068715,-21390.52146,30561,-0.699928715,,,,
-29888.73569,34870,-0.857147568,-22910.91748,34172.6,-0.67044701,,,,
-19993.49,22974,-0.870265953,-19993.62,22974,-0.870271611,,,,
-23517,26445,-0.889279637,-22462.46692,26445,-0.849403173,,,,
-25306,30264,-0.836174993,-19251.50522,29658.72,-0.649101014,,,,
-23298,24250,-0.960742268,-23298,24250,-0.960742268,,,,
-31589.71,39562,-0.798486174,-23671.68782,38770.76,-0.610555166,,,,
-10284.20952,22227,-0.46268995,-5392.817166,19559.76,-0.275709782,,,,
-30567.5,38541,-0.793116421,-22854.21259,37770.18,-0.605086144,,,,
-17062,19013,-0.897385999,-17062,19013,-0.897385999,,,,
-28584.95416,42531,-0.672096921,-20074.50106,40829.76,-0.49166346,,,,
-29253.95766,42179,-0.693566886,-20814.78334,37117.52,-0.560780552,,,,
-23315.58791,36258,-0.643046718,-17510.10199,35532.84,-0.492786447,,,,
-32319.14868,39305,-0.822265581,-24454.02422,38518.9,-0.634857803,,,,
-12091,15032,-0.804350718,-9985.886623,15032,-0.664308583,,,,
-23337.75236,29273,-0.797244982,-18065.22015,28687.54,-0.629723572,,,,
-29158.90086,41129,-0.708962067,-20927.73097,40306.42,-0.519215821,,,,
-14968.5,26966,-0.555087888,-9047.766479,23730.08,-0.381278381,,,,
-20993,26916,-0.779945014,-14529.39176,25839.36,-0.56229689,,,,
-35210.6548,49225,-0.71530025,-25362.83889,42333.5,-0.59911982,,,,
-30386.43312,49337,-0.615895436,-22489.52412,48350.26,-0.465137605,,,,
-26351,34295,-0.768362735,-19487.47306,33609.1,-0.579827281,,,,
-25216,28211,-0.893835738,-19569.85046,28211,-0.693695738,,,,
-37894,40899,-0.926526321,-29711.90966,40081.02,-0.741296246,,,,
-29888,37936,-0.787853226,-22295.79245,37177.28,-0.599715537,,,,
-29268,36265,-0.807059148,-22011.52915,35539.7,-0.619350449,,,,
-27789,35731,-0.777728023,-21352.90987,35016.38,-0.609797754,,,,
-17085.93722,17065,-1.00122691,-17085.93722,17065,-1.00122691,,,,
-11055.25201,20045,-0.551521677,-6242.122658,19243.2,-0.324380699,,,,
-28724.90203,35711,-0.804371259,-22292.49387,34996.78,-0.636986999,,,,
-26188,34145,-0.766964416,-18671.3197,33462.1,-0.557984098,,,,
-17822,28797,-0.618883912,-11488.08329,25917.3,-0.443259263,,,,
-28092,32057,-0.876314066,-21678.80481,31415.86,-0.690059251,,,,
-8765,11679,-0.750492337,-8765,11679,-0.750492337,,,,
-17216.375,25173,-0.683922258,-11674.79078,24669.54,-0.473247202,,,,
-11060,24043,-0.46000915,-6248.9957,21638.7,-0.288787945,,,,
-11643.91017,19561,-0.595261498,-7338.142852,19169.78,-0.382797447,,,,
-23001,30948,-0.743214424,-16807.31486,30329.04,-0.554165739,,,,
-21923,29919,-0.732745078,-15935.25069,29320.62,-0.543482733,,,,
-30063,33040,-0.909897094,-30063,33040,-0.909897094,,,,
-9286,11237,-0.826377147,-8387.343564,11237,-0.746404162,,,,
-6892.313131,12809,-0.538083623,-3560.783814,12040.46,-0.295734865,,,,
-18757.14973,39720,-0.472234384,-13194.79093,38925.6,-0.338974632,,,,
-23217,30219,-0.768291472,-15960.20934,29010.24,-0.550157784,,,,
-11773.37095,13755,-0.855933911,-9572.152272,13755,-0.695903473,,,,
-25277.375,28236,-0.895217984,-25277.375,28236,-0.895217984,,,,
-26451.875,36439,-0.725922089,-19161.15988,34252.66,-0.559406478,,,,
-21785,24754,-0.880059788,-21785,24754,-0.880059788,,,,
-9951,15952,-0.623808927,-6120.28672,15313.92,-0.399655132,,,,
-13814,21770,-0.634542949,-9461.12636,21334.6,-0.443463967,,,,
-7184,20146,-0.356596843,-2346.9454,17325.56,-0.135461445,,,,
-32334,40310,-0.802133466,-24267.1628,39503.8,-0.614299455,,,,
-30965.12681,37930,-0.816375608,-22615.97872,37171.4,-0.608424184,,,,
-28035,35975,-0.779291174,-20835.2513,35255.5,-0.590978749,,,,
-33769.28674,41744,-0.808961449,-24585.1456,40074.24,-0.613490003,,,,
-31284,43234,-0.723597169,-22633.49311,42369.32,-0.534195335,,,,
-30114,41070,-0.733235939,-21076.1358,36963,-0.570195487,,,,
-25170.86769,37151,-0.677528672,-16992.44655,36407.98,-0.466723135,,,,
-8896.970484,15848,-0.561393897,-4774.271764,14897.12,-0.320482869,,,,
-12867,19854,-0.648080991,-7702.57752,18662.76,-0.412724459,,,,
-12319.25,15255,-0.8075549,-9266.4194,15255,-0.6074349,,,,
-18783,21698,-0.865655821,-18783,21698,-0.865655821,,,,
-34759,41749,-0.83257084,-26403.68913,40914.02,-0.645345755,,,,
-11812,18762,-0.629570408,-8057.123416,18386.76,-0.438202457,,,,
-23066,23993,-0.961363731,-19224.43278,23993,-0.801251731,,,,
-15571.86718,22552,-0.690487193,-9705.253726,21198.88,-0.457819174,,,,
-15245.90121,17209,-0.885926039,-15245.90121,17209,-0.885926039,,,,
-15805,28794,-0.548899076,-10043.3206,25914.6,-0.387554529,,,,
-15490.87973,23396,-0.66211659,-10808.69173,22928.08,-0.47141722,,,,
-30283,36222,-0.836038871,-22309.08892,35497.56,-0.628468236,,,,
-18475,25449,-0.725961727,-12872.20319,24940.02,-0.516126418,,,,
-35517,43493,-0.816614168,-26813.18084,42623.14,-0.629075681,,,,
-20734,22704,-0.913231149,-20733.4382,22704,-0.913206404,,,,
-25456,38426,-0.662468121,-18534.43076,35351.92,-0.524283568,,,,
-34586,34583,-1.000086748,-34586,34583,-1.000086748,,,,
-27770.56872,39766,-0.698349563,-19813.73831,35789.4,-0.553620299,,,,
-22579,29569,-0.763603774,-16661.29689,28977.62,-0.574971198,,,,
-13709,15708,-0.872740005,-11822.84619,15708,-0.752664005,,,,
-23354,31349,-0.744967942,-16452.83114,30722.02,-0.535538716,,,,
-14379,26377,-0.545134018,-8048.692607,25321.92,-0.317854752,,,,
-26033.85141,35002,-0.743781824,-19729.57118,34301.96,-0.57517329,,,,
-9709.89625,29672,-0.327241044,-3772.62886,28485.12,-0.132442091,,,,
-10750,10728,-1.002050708,-10750,10728,-1.002050708,,,,
-30064.82671,32981,-0.911580204,-30064.93186,32981,-0.911583392,,,,
-28801,35756,-0.805487191,-21645.08021,35040.88,-0.617709379,,,,
-12856.80204,19832,-0.648285702,-7697.705563,18642.08,-0.41292096,,,,
-17941,20885,-0.859037587,-17941,20885,-0.859037587,,,,
-13266.99095,20206,-0.656586704,-8414.722108,19397.76,-0.43379865,,,,
-20816,22744,-0.91523039,-20818.9096,22744,-0.915358319,,,,
-9525,22450,-0.424276169,-5032.0366,22001,-0.22871854,,,,
-14569,20530,-0.709644423,-10464.84143,20119.4,-0.520136854,,,,
-7415.836854,8336,-0.889615745,-6414.793332,8336,-0.769528951,,,,
-21072,29079,-0.724646652,-14088.96894,27915.84,-0.504694429,,,,
-14228,16220,-0.877188656,-11631.24288,16220,-0.717092656,,,,
-24353,31321,-0.777529453,-17457.99506,30694.58,-0.568764748,,,,
-30382.59754,38407,-0.791069272,-22696.12782,37638.86,-0.602997217,,,,
-9301.281731,21271,-0.437275245,-3769.509662,19994.74,-0.188525065,,,,
-32543,39526,-0.823331478,-23841.74636,38735.48,-0.615501508,,,,
-28201,34159,-0.825580374,-21367.2871,33475.82,-0.638290178,,,,
-31228,39207,-0.796490423,-22596.97102,38422.86,-0.588112676,,,,
-7551,10490,-0.719828408,-4822.04748,10490,-0.459680408,,,,
-31061,38015,-0.817072208,-23452.98202,37254.7,-0.629530825,,,,
-16751,23725,-0.706048472,-11054.153,22776,-0.485342158,,,,
-8103,11103,-0.729802756,-6992.966472,11103,-0.629826756,,,,
-15782,21744,-0.725809419,-10562.22234,20439.36,-0.516758956,,,,
-23837.25,35840,-0.665101842,-16665.49618,35123.2,-0.47448684,,,,
-30163,42149,-0.715627892,-21729.90412,37934.1,-0.572832995,,,,
-20831,27777,-0.749936998,-15271.71122,27777,-0.549796998,,,,
-20332,23309,-0.872281093,-19866.47265,23309,-0.852309093,,,,
-28442,33415,-0.851174622,-21756.13087,32746.7,-0.664376284,,,,
-21835,36764,-0.593923403,-15951.28944,32352.32,-0.493049322,,,,
-12070.15901,14999,-0.804730916,-8769.065955,14999,-0.584643373,,,,
-31995.16269,38981,-0.820788658,-23413.88535,38201.38,-0.612906794,,,,
-30105.5,38166,-0.788804171,-21727.53304,37402.68,-0.580908455,,,,
-17492,24472,-0.714776071,-12594.3697,23982.56,-0.525147011,,,,
-25780,26717,-0.964928697,-25780,26717,-0.964928697,,,,
-15567,22517,-0.691344318,-10610.10762,22066.66,-0.480820732,,,,
-11357,14343,-0.791814823,-7912.614608,14343,-0.551670823,,,,
-13207.625,21205,-0.62285428,-7691.7804,19932.7,-0.385887532,,,,
-32309,45260,-0.713853292,-22345.16361,43449.6,-0.514277775,,,,
-38651.47064,40655,-0.950718746,-35399.43524,40655,-0.870727715,,,,
-21195.90751,25154,-0.842645604,-21195.90751,25154,-0.842645604,,,,
-14317.63187,26249,-0.545454374,-9064.400353,25724.02,-0.352371066,,,,
-25152.99696,31140,-0.807739144,-18300.76605,30517.2,-0.599686932,,,,
-26532,38476,-0.689572721,-18063.4324,33858.88,-0.533491728,,,,
-23995,35994,-0.666638884,-16072.7206,31674.72,-0.50743055,,,,
-16046.99363,23031,-0.696756269,-10516.32929,22109.76,-0.475641947,,,,
-17934,24920,-0.719662921,-12946.71056,24421.6,-0.530133593,,,,
-13752,13689,-1.004602235,-12655.94915,13689,-0.924534235,,,,
-19114,26073,-0.733095539,-13374.28978,25551.54,-0.52342402,,,,
-16264.58122,26202,-0.620738158,-9973.8098,22533.72,-0.4426171,,,,
-35648,43619,-0.817258534,-26922.84545,42746.62,-0.629823959,,,,
-29719.96412,45700,-0.650327442,-20577.22212,42044,-0.489421133,,,,
-16354.86237,27276,-0.599606334,-10351.41477,24002.88,-0.431257198,,,,
-14903.35008,16831,-0.885470268,-14903.99,16831,-0.885508288,,,,
-26122,33123,-0.788636295,-18167.84278,31798.08,-0.571350307,,,,
-17941,25946,-0.691474601,-12229.24756,25427.08,-0.480953675,,,,
-29403.70253,48371,-0.60787874,-19725.5429,46436.16,-0.424788417,,,,
-9872,11872,-0.831536388,-6783.475456,11872,-0.571384388,,,,
-9632,17549,-0.548863183,-6120.592625,17198.02,-0.355889377,,,,
-17703,17636,-1.003799047,-17703,17636,-1.003799047,,,,
-34611,37599,-0.920529801,-34609.14683,37599,-0.920480514,,,,
-28937.79979,34923,-0.828617238,-21951.41431,34224.54,-0.641393991,,,,
-20269,28268,-0.717029857,-14611.66862,27702.64,-0.527446793,,,,
-9973.244303,16940,-0.588739333,-5567.226465,15923.6,-0.349621095,,,,
-14296.77173,23260,-0.614650547,-9176.450329,22794.8,-0.402567705,,,,
-26392,29338,-0.899584157,-21107.40474,29338,-0.719456157,,,,
-23399.85639,28349,-0.825420875,-18296.69585,27782.02,-0.658580472,,,,
-36280,40270,-0.900918798,-28223.74488,39464.6,-0.715166121,,,,
-19521.75,37512,-0.520413468,-12016.82428,33760.8,-0.355940152,,,,
-40497,53504,-0.756896681,-29791.27763,50293.76,-0.592345405,,,,
-12881.86864,13877,-0.928289158,-12885.99,13877,-0.92858615,,,,
-26494.91983,33505,-0.790775103,-18449.02913,32164.8,-0.573578233,,,,
-31458.95276,39412,-0.798207469,-23571.35038,38623.76,-0.610281091,,,,
-16929,23908,-0.708089342,-11666.37104,23429.84,-0.4979279,,,,
-24905.97821,26817,-0.92873842,-24905.97821,26817,-0.92873842,,,,
-24325,33288,-0.730743812,-16997.64544,31956.48,-0.531899804,,,,
-16289,18269,-0.891619684,-16289,18269,-0.891619684,,,,
-22249,29219,-0.761456586,-16401.34309,28634.62,-0.57278019,,,,
-24063,30031,-0.801272019,-17451.97566,29430.38,-0.592991856,,,,
-11301.84613,14283,-0.791279572,-11016.52892,14283,-0.771303572,,,,
-31158.69129,43186,-0.721499822,-22517.17269,38867.4,-0.579333135,,,,
-22047,28963,-0.761212582,-16250.57688,28383.74,-0.572531206,,,,
-25657.11801,30580,-0.839016286,-21375.5668,29356.8,-0.728130001,,,,
-7027.797828,19004,-0.369806242,-2084.857428,15963.36,-0.130602669,,,,
-33549,40554,-0.827267347,-24621.44244,39742.92,-0.619517701,,,,
-18095.99267,21079,-0.8584844,-18095.99267,21079,-0.8584844,,,,
-30953,38913,-0.795441112,-23165.26348,38134.74,-0.607458278,,,,
-28237.68538,48193,-0.585929188,-21488.73766,43373.7,-0.495432432,,,,
-41494,51502,-0.805677449,-31186.80174,50471.96,-0.61790352,,,,
-20150,29160,-0.691015089,-13731.7176,28576.8,-0.480519778,,,,
-16369,30336,-0.539589926,-9691.708317,26088.96,-0.371486955,,,,
-25320.70982,27323,-0.926717777,-23133.66761,27323,-0.846673777,,,,
-34501.39028,37523,-0.919473131,-34502.42,37523,-0.919500573,,,,
-16527,26481,-0.624107851,-11228.1519,25421.76,-0.441674845,,,,
-26664,43647,-0.610901093,-17055.54942,42774.06,-0.398735809,,,,
-15332,27288,-0.561858692,-9870.797984,26742.24,-0.36910887,,,,
-20292.43912,26229,-0.773664231,-13996.82845,25179.84,-0.5558744,,,,
-22759,25748,-0.883913314,-21215.07,25748,-0.82395021,,,,
-33779.31426,42761,-0.789956134,-25222.83816,41050.56,-0.614433473,,,,
-38364.75,49356,-0.77730671,-27503.59962,44420.4,-0.61916596,,,,
-11844.12739,30767,-0.38496205,-4457.17796,28920.98,-0.154115731,,,,
-27905,41880,-0.6663085,-18688.8872,35179.2,-0.531248215,,,,
-12445.125,16426,-0.757647936,-12449.68555,16426,-0.757925578,,,,
-28997,35987,-0.805763192,-21794.84972,35267.26,-0.617991013,,,,
-25619.96024,35584,-0.719985394,-19211.99352,34160.64,-0.562401452,,,,
-30670,36640,-0.837063319,-23337.74976,35907.2,-0.649946244,,,,
-31292,51226,-0.610861672,-21044.13625,46103.4,-0.456455191,,,,
-32501,40533,-0.801840476,-24389.53604,39722.34,-0.614000485,,,,
-18687,31673,-0.58999779,-11721.7127,27872.24,-0.420551513,,,,
-26182,43154,-0.60671085,-19272.35414,42290.92,-0.45570903,,,,
-34294,37301,-0.919385539,-34294,37301,-0.919385539,,,,
-24631,31613,-0.779141492,-17671.27957,30980.74,-0.570395658,,,,
-26805,30761,-0.871395598,-20649.23172,30761,-0.671279598,,,,
-15118,27079,-0.558292404,-9158.238476,26537.42,-0.345106588,,,,
-30657.92849,36589,-0.837900147,-24067.39296,35857.22,-0.67120075,,,,
-16701.25,34644,-0.482082034,-9077.107843,33951.12,-0.267358127,,,,
-33456,41467,-0.806810235,-25157.62396,40637.66,-0.619071668,,,,
-28113,30100,-0.933986711,-28113,30100,-0.933986711,,,,
-23469,34437,-0.681505358,-15890.2563,30304.56,-0.524351989,,,,
-38455,40478,-0.950022234,-38455,40478,-0.950022234,,,,
-28432.9252,34380,-0.827019348,-22242.87496,33004.8,-0.673928488,,,,
-16032,17991,-0.891112223,-16034.78239,17991,-0.891266877,,,,
-31275,31234,-1.001312672,-31274.44869,31234,-1.001295021,,,,
-25616.64167,39565,-0.647457138,-18492.56777,34817.2,-0.531133111,,,,
-24619.93314,26563,-0.926850625,-21961.61436,26563,-0.826774625,,,,
-24684,37650,-0.65561753,-16397.235,33132,-0.494906284,,,,
-25174,33173,-0.758870165,-18539.65262,32509.54,-0.57028345,,,,
-20944,28870,-0.725458954,-14589.1356,28292.6,-0.515651994,,,,
-21755.59,38721,-0.561855066,-14782.0679,35623.32,-0.414954808,,,,
-14055,17018,-0.825890234,-14057.75,17018,-0.826051827,,,,
-23505,30463,-0.771591767,-16798.87518,29853.74,-0.562705885,,,,
-9287,16281,-0.570419507,-5702.90066,15955.38,-0.357428069,,,,
-25589,37564,-0.681210734,-18823.7236,34558.88,-0.54468558,,,,
-14007,22984,-0.609423947,-9407.166112,22524.32,-0.417644844,,,,
-23290,35269,-0.660353285,-16231.54449,34563.62,-0.469613556,,,,
-10728.81473,15688,-0.683886712,-7589.159184,15374.24,-0.49362825,,,,
-12998,15943,-0.815279433,-8850.783852,15943,-0.555151719,,,,
-12040,13959,-0.862525969,-9528.951608,13959,-0.682638556,,,,
-27893,35874,-0.7775269,-20714.03862,35156.52,-0.589194796,,,,
-8066,11055,-0.729624604,-6078.315966,11055,-0.549825053,,,,
-19606,26580,-0.737622272,-14288.49144,26048.4,-0.548536242,,,,
-10516,12483,-0.842425699,-10516,12483,-0.842425699,,,,
-19281,26225,-0.73521449,-12983.3285,25176,-0.515702594,,,,
-10181,18136,-0.561369652,-5825.82096,17410.56,-0.33461422,,,,
-26589,39527,-0.672679434,-17891.07349,34783.76,-0.514351338,,,,
-30686.88,37681,-0.81438603,-22389.6697,36927.38,-0.606316227,,,,
-31815.625,39767,-0.800050922,-23868.71698,38971.66,-0.612463441,,,,
-29583.94389,41549,-0.712025413,-23762.92899,39887.04,-0.595755639,,,,
-18705.64209,36636,-0.510580906,-12107.81059,35903.28,-0.337234108,,,,
-39272,46236,-0.849381434,-30018.69685,45311.28,-0.662499423,,,,
-30896,40874,-0.755883936,-23535.01731,39239.04,-0.599785757,,,,
-10425.27409,14369,-0.725539292,-7262.701525,14369,-0.505442378,,,,
-26100.98293,33034,-0.790124809,-18168.19817,31712.64,-0.572900842,,,,
-17422.66564,24412,-0.713692677,-11560.36796,23435.52,-0.493284039,,,,
-16743.97431,18666,-0.897030661,-16743.97431,18666,-0.897030661,,,,
-38465.00808,49469,-0.777557826,-27579.56186,44522.1,-0.619457794,,,,
-30099,37043,-0.812542181,-24165.82883,36302.14,-0.665686068,,,,
-42505.125,44547,-0.95416358,-38963.77849,44547,-0.874666723,,,,
-6743.130073,9680,-0.696604346,-6744.96,9680,-0.696793388,,,,
-12253,19176,-0.638975803,-8415.268768,18792.48,-0.447799799,,,,
-18672.69495,36636,-0.509681596,-10607.64591,35903.28,-0.295450608,,,,
-30993,52951,-0.585314725,-20398.56392,46596.88,-0.437766733,,,,
-28751.01649,41767,-0.688366808,-19564.08879,35919.62,-0.544663022,,,,
-16876,33824,-0.498935667,-10106.73523,33147.52,-0.304901701,,,,
-31373,38380,-0.817430954,-22924.0268,37612.4,-0.609480565,,,,
-31408,48353,-0.649556387,-20762.62846,47385.94,-0.438160105,,,,
-10638,23590,-0.450953794,-4974.041,20287.4,-0.24517883,,,,
-10552,19523,-0.540490703,-5863.74678,18742.08,-0.312865316,,,,
-15657.77677,34653,-0.451844769,-8029.958409,33266.88,-0.241379967,,,,
-12456.14669,15485,-0.804400819,-9667.174308,15485,-0.624292819,,,,
-8419,10382,-0.810922751,-8419,10382,-0.810922751,,,,
-24984,32962,-0.757963716,-18387.24902,32302.76,-0.569216037,,,,
-19359.72962,27309,-0.708913897,-13894.49893,26762.82,-0.519171706,,,,
-16826.97756,24809,-0.678261017,-11365.5243,24312.82,-0.467470425,,,,
-10261.86282,22190,-0.462454386,-5821.64382,19971,-0.291504873,,,,
-8653,15652,-0.552836698,-4268.56176,14399.84,-0.296431194,,,,
-14884,21850,-0.681189931,-10511.1158,21413,-0.49087544,,,,
-9219,19209,-0.479931282,-5374.664412,18824.82,-0.285509472,,,,
-18604,25550,-0.7281409,-13490.6274,25039,-0.538784592,,,,
-26968.30855,30929,-0.871942467,-20780.77653,30310.42,-0.685598435,,,,
-14436,21413,-0.674169897,-8865.62218,20128.22,-0.440457337,,,,
-36953,47930,-0.77097851,-27365.0828,44095.6,-0.620585337,,,,
-25369,36344,-0.698024433,-17371.13936,32709.6,-0.531071592,,,,
-17714.375,30715,-0.576733681,-12181.86634,30100.7,-0.404703756,,,,
-21122,33127,-0.637606786,-13830.7473,29151.76,-0.47443953,,,,
-23141,33110,-0.698912715,-17177.889,32447.8,-0.52940073,,,,
-10447.55114,30368,-0.344031584,-3763.919508,28545.92,-0.131854903,,,,
-41953,43938,-0.954822705,-41953,43938,-0.954822705,,,,
-25311,27254,-0.928707713,-25312.84287,27254,-0.928775331,,,,
-25143,27072,-0.928745567,-22976.80685,27072,-0.848729567,,,,
-22007,23987,-0.917455288,-22010,23987,-0.917580356,,,,
-39324,46285,-0.849605704,-30060.89038,45359.3,-0.662728269,,,,
-31980,38933,-0.821411142,-23409.28938,38154.34,-0.613541982,,,,
-13424,20417,-0.657491306,-8929.80996,20008.66,-0.446297251,,,,
-20204.80446,24148,-0.836707159,-15856.16246,24148,-0.656624253,,,,
-6942,23892,-0.290557509,-1204.57512,22936.32,-0.052518238,,,,
-12210,24156,-0.505464481,-6409.17816,23189.76,-0.276379668,,,,
-27733,30713,-0.902972683,-21586.22303,30713,-0.702836683,,,,
-20291,32241,-0.629353928,-13193.46626,31596.18,-0.417565233,,,,
-25629,30548,-0.838974728,-20128.7715,29937.04,-0.672370131,,,,
-28071,38063,-0.737487849,-19694.09496,35017.96,-0.562399836,,,,
-30665.25,43624,-0.70294448,-21938.42985,42751.52,-0.5131614,,,,
-24525,26480,-0.926170695,-20287.42608,26480,-0.766141468,,,,
-18545.33349,25497,-0.727353551,-14973.34385,24987.06,-0.599243923,,,,
-13460,15431,-0.872270106,-11299.56724,15431,-0.732264095,,,,
-39288.109,47346,-0.829808411,-29813.22748,46399.08,-0.642539194,,,,
-28879,35903,-0.804361752,-21700.6608,35184.94,-0.616759921,,,,
-10778,13708,-0.786256201,-10228.73483,13708,-0.746187251,,,,
-39271,54280,-0.723489315,-28417.89832,44509.6,-0.63846672,,,,
-31944.82442,37943,-0.841916148,-23593.31741,36425.28,-0.647718217,,,,
-27110.73907,44113,-0.614574821,-18283.72777,39701.7,-0.460527579,,,,
-9811,16787,-0.584440341,-5780.10556,16115.52,-0.358667022,,,,
-37868,51866,-0.730112212,-26453.74565,46679.4,-0.566711347,,,,
-26978.625,46971,-0.574367695,-18521.96616,40395.06,-0.458520576,,,,
-10311,13261,-0.777543172,-7128.715133,13261,-0.537569952,,,,
-8649,10603,-0.815712534,-8649,10603,-0.815712534,,,,
-31109.88524,34126,-0.911618275,-31109.88524,34126,-0.911618275,,,,
-8139.5,10162,-0.800974218,-5902.43732,10162,-0.580834218,,,,
-18319.94673,30282,-0.604978097,-12260.51853,27253.8,-0.449864552,,,,
-8076,19063,-0.423647904,-3499.73622,17156.7,-0.20398656,,,,
-18470,21432,-0.861795446,-18470,21432,-0.861795446,,,,
-7517.93252,9452,-0.79538008,-7517.93252,9452,-0.79538008,,,,
-21223.93823,24192,-0.877312261,-21223.93823,24192,-0.877312261,,,,
-18528,32506,-0.569987079,-12022.89928,31855.88,-0.377415387,,,,
-31502,40460,-0.778596144,-23406.7632,38841.6,-0.602620984,,,,
-34881.95995,48869,-0.713785016,-25103.27305,46914.24,-0.535088558,,,,
-29366.75029,42296,-0.694315072,-22595.16122,41450.08,-0.545117433,,,,
-29405,40396,-0.727918606,-20515.45624,36356.4,-0.56428734,,,,
-13197,13166,-1.00235455,-10300.5641,13166,-0.782360937,,,,
-27377,30371,-0.901419117,-24337.34884,30371,-0.801335117,,,,
-24555,45542,-0.539172632,-14533.02748,40987.8,-0.354569591,,,,
-40616,42624,-0.95289039,-40616,42624,-0.95289039,,,,
-38546,50477,-0.763634923,-28444.94658,48457.92,-0.587003045,,,,
-18402.125,24410,-0.753876485,-13518.75804,23921.8,-0.565122944,,,,
-19389,29374,-0.660073534,-13511.2626,28199.04,-0.479139098,,,,
-28464,32481,-0.876327699,-21965.98106,31831.38,-0.690073163,,,,
-44913,47938,-0.936897659,-35322.71547,46979.24,-0.751879244,,,,
-26448,36461,-0.725377801,-19152.88312,34273.34,-0.558827448,,,,
-23973,27945,-0.857863661,-19498.55838,27945,-0.697747661,,,,
-12589.88327,17534,-0.718026878,-8729.948513,17183.32,-0.508047834,,,,
-14991,19937,-0.751918543,-10204.91504,19139.52,-0.533185526,,,,
-27687.875,31639,-0.875118525,-21363.47168,31639,-0.675225882,,,,
-9460.904573,21418,-0.441726799,-4318.442773,18419.48,-0.234449766,,,,
-7470,15421,-0.484404384,-4075.52948,15112.58,-0.269677942,,,,
-32381.73607,39384,-0.822205364,-24499.73738,38596.32,-0.634768739,,,,
-27364,35363,-0.773803128,-19578.55064,34655.74,-0.56494395,,,,
-30206,36185,-0.834765787,-22967.87784,35461.3,-0.647688546,,,,
-13668.8679,34626,-0.394757347,-6049.188418,31163.4,-0.194111952,,,,
-9552,17478,-0.54651562,-6054.092904,17128.44,-0.353452673,,,,
-7538.795985,19507,-0.386466191,-3245.305285,17166.16,-0.18905249,,,,
-27470.75,29459,-0.932507892,-27470.75,29459,-0.932507892,,,,
-10430,19352,-0.538962381,-5398.74072,18190.88,-0.296782823,,,,
-39023,39986,-0.975916571,-39027,39986,-0.976016606,,,,
-22134.15963,27040,-0.818570992,-18348.20024,26499.2,-0.692405818,,,,
-17058.66,22026,-0.774478344,-12210.16636,21585.48,-0.565665733,,,,
-26285.7591,34256,-0.767332996,-18745.38524,33570.88,-0.558382302,,,,
-32978,38006,-0.867705099,-24611.35916,37245.88,-0.660780713,,,,
-18997,35919,-0.528884434,-13245.7934,35200.62,-0.376294321,,,,
-21499.375,36467,-0.589556997,-13478.33366,35737.66,-0.377146508,,,,
-23252,34205,-0.679783657,-16405.17959,33520.9,-0.489401525,,,,
-19086.84808,41051,-0.464954522,-12514.58298,38587.94,-0.324313321,,,,
-13304,15254,-0.872164678,-13304,15254,-0.872164678,,,,
-29719,34692,-0.856652831,-22086.81312,33998.16,-0.649647308,,,,
-11200.95904,23185,-0.483112316,-5169.613141,21793.9,-0.237204591,,,,
-26545,36532,-0.726623234,-19236.40808,34340.08,-0.560173654,,,,
-20658.26599,39620,-0.521410045,-11939.81723,33280.8,-0.358759923,,,,
-9641.5,11617,-0.829947491,-7318.690088,11617,-0.629998286,,,,
-30434,37402,-0.813699802,-22204.53241,36653.96,-0.60578809,,,,
-25093,43074,-0.582555602,-17333.85571,42212.52,-0.410633047,,,,
-15902,22854,-0.695808174,-9956.76044,21482.76,-0.46347678,,,,
-20150,23081,-0.873012434,-20155.82,23081,-0.87326459,,,,
-23299,36300,-0.64184573,-16035.37,32670,-0.490828589,,,,
-25032.53824,28014,-0.893572437,-19987.10478,28014,-0.713468437,,,,
-13142,16074,-0.817593629,-10247.0083,16074,-0.637489629,,,,
-8658.918752,10637,-0.814037675,-8021.039136,10637,-0.754069675,,,,
-34536.9168,44562,-0.775030672,-24729.76445,40997.04,-0.603208535,,,,
-20588,22571,-0.912143901,-20591.60125,22571,-0.912303454,,,,
-24273,30197,-0.803821572,-17023.90818,28989.12,-0.587251637,,,,
-29537.79456,36506,-0.809121639,-22234.5553,35775.88,-0.621495692,,,,
-9148.760596,16088,-0.568669853,-5285.546852,15444.48,-0.342228864,,,,
-27882,29807,-0.935417855,-24304.15985,29807,-0.815384301,,,,
-18100,21089,-0.858267343,-18100,21089,-0.858267343,,,,
-23927,26951,-0.887796371,-19072.26247,26951,-0.707664371,,,,
-43223,51212,-0.844001406,-31951.6485,47115.04,-0.678162398,,,,
-28302.81885,42282,-0.669382216,-18996.55065,39745.08,-0.477959804,,,,
-31283.91478,34215,-0.914333327,-31283.91478,34215,-0.914333327,,,,
-18442.54643,31395,-0.587435784,-11531.5847,30767.1,-0.374802458,,,,
-25509,28451,-0.896594144,-22092.37631,28451,-0.776506144,,,,
-23901.89351,40840,-0.585256942,-17363.40951,38389.6,-0.452294619,,,,
-11231,14155,-0.793429883,-8114.9183,14155,-0.573289883,,,,
-28595,30586,-0.934904858,-28595,30586,-0.934904858,,,,
-19541,32470,-0.601817062,-13042.71396,31820.6,-0.409882716,,,,
-14123,21090,-0.669653864,-9479.906337,20668.2,-0.458671115,,,,
-30447,32383,-0.940215545,-30447.30128,32383,-0.940224849,,,,
-13894,21815,-0.636901215,-9093.6359,21378.7,-0.425359629,,,,
-44238,56231,-0.78671907,-32985.50213,53981.76,-0.611049031,,,,
-20864.375,33849,-0.61639561,-12740.59104,32495.04,-0.392078023,,,,
-33219.14121,41148,-0.807308769,-24985.36768,40325.04,-0.619599328,,,,
-7466,14403,-0.51836423,-4295.32358,14114.94,-0.304310438,,,,
-9033,13971,-0.646553575,-7636.124349,13971,-0.546569633,,,,
-27781,39737,-0.699121725,-19829.86399,38942.26,-0.509211946,,,,
-19484,29505,-0.66036265,-13580.0495,28324.8,-0.479440261,,,,
-31807.74213,38752,-0.820802594,-23275.53004,37976.96,-0.612885551,,,,
-28191.96625,31116,-0.906027968,-28191.96625,31116,-0.906027968,,,,
-25576,39548,-0.646707798,-16871.4852,37175.12,-0.453838083,,,,
-31564,49502,-0.637630803,-20667.61976,47521.92,-0.434907086,,,,
-39160.99268,49153,-0.796716226,-29326.46044,46203.82,-0.63471939,,,,
-32887.88289,36819,-0.893231291,-25522.02103,36082.62,-0.707321725,,,,
-12187.96254,17116,-0.712080074,-12187.96254,17116,-0.712080074,,,,
-36768,38809,-0.947409106,-36768,38809,-0.947409106,,,,
-29743,34680,-0.857641292,-21414.9448,33292.8,-0.643230512,,,,
-11334,19286,-0.587680183,-6702.65996,18514.56,-0.362021023,,,,
-26074.9727,29045,-0.897743939,-22587.83,29045,-0.777683939,,,,
-22296.91173,39259,-0.567943955,-14441.18583,35333.1,-0.408715505,,,,
-22018.94881,23976,-0.918374575,-22018.94881,23976,-0.918374575,,,,
-9674,21598,-0.447911844,-4055.49628,20302.12,-0.199757281,,,,
-20912,28879,-0.724124797,-14555.15452,28301.42,-0.514290609,,,,
-14482,28433,-0.509337741,-8792.5567,25589.7,-0.34359749,,,,
-9471.860112,21416,-0.442279609,-5615.434416,20987.68,-0.267558607,,,,
-8087.5,15026,-0.538233728,-4779.67636,14725.48,-0.324585437,,,,
-32885.91438,45904,-0.716406291,-22781.5259,44067.84,-0.516964886,,,,
-29768,47765,-0.623217837,-20211.1788,42033.2,-0.480838452,,,,
-19327.86074,27256,-0.709123156,-13874.11051,26710.88,-0.519417949,,,,
-10040.51603,16966,-0.591802194,-5967.74476,16287.36,-0.366403442,,,,
-31173,38121,-0.817738255,-22781.80548,37358.58,-0.609814545,,,,
-33668,46623,-0.722132853,-23405.75008,44758.08,-0.5229391,,,,
-17855.96031,25822,-0.691501832,-13721.44496,25305.56,-0.542230441,,,,
-21425.78944,23407,-0.915358202,-21425.91463,23407,-0.915363551,,,,
-13171,18129,-0.726515528,-13179.45865,18129,-0.726982109,,,,
-29411,38362,-0.766670142,-21734.7638,36827.52,-0.590177232,,,,
-15582.11266,22516,-0.692046219,-10626.31378,22065.68,-0.481576538,,,,
-17229,27192,-0.633605472,-11788.42464,26104.32,-0.451589034,,,,
-28160,36130,-0.779407694,-20929.23084,35407.4,-0.591097647,,,,
-8341,31258,-0.266843688,-2087.250324,28132.2,-0.074194351,,,,
-10873,22805,-0.476781408,-5396.6073,21892.8,-0.246501466,,,,
-28999,34953,-0.829656968,-22008.31643,34253.94,-0.64250467,,,,
-32858,37811,-0.869006374,-25293.68258,37054.78,-0.682602422,,,,
-41565.90804,53538,-0.776381412,-30855.33963,47113.44,-0.654915872,,,,
-38487,44538,-0.864138488,-29573.52098,43647.24,-0.677557641,,,,
-18626,21615,-0.861716401,-16032.02708,21615,-0.741708401,,,,
-28195,35214,-0.800675868,-21147.55175,34509.72,-0.612799865,,,,
-30891,33830,-0.913124446,-30890.76801,33830,-0.913117588,,,,
-27675,29591,-0.935250583,-27675,29591,-0.935250583,,,,
-20352.375,23342,-0.871920787,-20363.58053,23342,-0.872400845,,,,
-39187,46194,-0.848313634,-29942.8415,45270.12,-0.661426157,,,,
-8713,17692,-0.492482478,-3756.76312,16276.64,-0.230807041,,,,
-30158.85611,38103,-0.791508703,-21772.71829,37340.94,-0.583079009,,,,
-8004,9990,-0.801201201,-7604.71968,9990,-0.761233201,,,,
-17450,25444,-0.68581984,-12365.83059,24935.12,-0.495920236,,,,
-29072.79871,31047,-0.936412494,-23480.3918,31047,-0.756285367,,,,
-7735,15667,-0.4937129,-3659.38662,14726.98,-0.248481808,,,,
-28989.55775,42023,-0.689849791,-20581.59591,36980.24,-0.55655658,,,,
-26173.98107,31160,-0.839986556,-18693.96075,28667.2,-0.652102778,,,,
-28766,36745,-0.78285481,-21412.14966,36010.1,-0.594615112,,,,
-34696.56,36716,-0.944998366,-34697.12,36716,-0.945013618,,,,
-12732.61663,30682,-0.414986527,-7819.940058,30682,-0.25487061,,,,
-14106,16052,-0.878769001,-14106,16052,-0.878769001,,,,
-28920.375,47912,-0.603614439,-19343.93327,45995.52,-0.420561247,,,,
-30119.98547,45036,-0.668797972,-22910.62259,44135.28,-0.519099972,,,,
-22363,29326,-0.762565641,-15907.17436,28739.48,-0.553495552,,,,
-20858.89386,23802,-0.876350469,-20858.98,23802,-0.876354088,,,,
-20668.9582,27624,-0.748224667,-15140.51183,27071.52,-0.559278232,,,,
-25501,37425,-0.681389446,-19510.6287,36676.5,-0.531965392,,,,
-18243.49531,29223,-0.624285505,-11229.6205,25131.78,-0.446829493,,,,
-21819.99856,28779,-0.758191687,-15485.16508,28203.42,-0.549052742,,,,
-25236,28173,-0.895751251,-24674.23038,28173,-0.875811251,,,,
-28341.64824,36337,-0.779966652,-20344.68282,35610.26,-0.5713152,,,,
-30491.625,38461,-0.792793349,-22024.82046,37691.78,-0.584340152,,,,
-20026.60294,28005,-0.715108121,-14422.51334,27444.9,-0.525507957,,,,
-25536.58165,29512,-0.865294851,-21994.77928,29512,-0.745282573,,,,
-43284,51308,-0.843611133,-33017.67966,48229.52,-0.684594822,,,,
-19860.19028,27843,-0.71329204,-13174.53198,26729.28,-0.492887649,,,,
-13753.80301,18668,-0.73675825,-13754.99,18668,-0.736821834,,,,
-23564,31524,-0.747493973,-16623.35392,30893.52,-0.53808546,,,,
-21080,26014,-0.810332898,-15875.74322,25493.72,-0.622731528,,,,
-29189,34146,-0.854829263,-22359.02379,33463.08,-0.668169929,,,,
-22365,25306,-0.883782502,-22365,25306,-0.883782502,,,,
-11058,15035,-0.735483871,-8048.8951,15035,-0.535343871,,,,
-14352,22357,-0.641946594,-8536.05002,21015.58,-0.406177228,,,,
-34404,44331,-0.776070921,-24646.7469,39011.28,-0.631785138,,,,
-39133,46114,-0.848614304,-29904.11295,45191.72,-0.661716636,,,,
-15906.92385,22876,-0.695354251,-10871.00121,22418.48,-0.484912501,,,,
-26628.52675,39575,-0.672862331,-17918.3425,34826,-0.514510495,,,,
-47091,49034,-0.960374434,-47091,49034,-0.960374434,,,,
-29509.875,42505,-0.694268321,-21854.21444,41654.9,-0.524649308,,,,
-21106,34048,-0.619889568,-14292.9952,30643.2,-0.466432853,,,,
-16083.375,23019,-0.698699987,-11479.219,22558.62,-0.508861756,,,,
-11781,16721,-0.704563124,-7765.61906,16052.16,-0.483774088,,,,
-11812.26202,21752,-0.543042572,-6155.77976,20011.84,-0.307606885,,,,
-21270,26286,-0.809175987,-16010.06626,26286,-0.609071987,,,,
-13635.99042,15564,-0.876123774,-11767.93688,15564,-0.756099774,,,,
-33115.49286,46168,-0.717282379,-22955.77656,39704.48,-0.578165904,,,,
-22745.92326,35729,-0.636623562,-16310.27287,35014.42,-0.46581588,,,,
-23874,32911,-0.725410957,-16629.63068,31594.56,-0.526344747,,,,
-7753.5,15730,-0.492911634,-4605.42364,15415.4,-0.298754728,,,,
-30247.87,33231,-0.910230508,-30247.06212,33231,-0.910206196,,,,
-28895.125,35883,-0.805259454,-21721.59674,35165.34,-0.61769904,,,,
-27673.66547,35649,-0.776281676,-19826.85212,34936.02,-0.567518914,,,,
-17685.58005,29643,-0.596619102,-11753.06717,29050.14,-0.404578676,,,,
-22148,35150,-0.630099573,-15114.485,31635,-0.477777304,,,,
-26088,34035,-0.766505068,-19277.17738,33354.3,-0.57795179,,,,
-10630,28599,-0.371691318,-3762.23614,27455.04,-0.137032623,,,,
-21698,34658,-0.626060361,-14068.38788,33964.84,-0.41420445,,,,
-32329,34339,-0.941465972,-32329,34339,-0.941465972,,,,
-25934.375,35917,-0.722064064,-18753.57312,33761.98,-0.555464256,,,,
-29761,31672,-0.939662794,-24691.53987,31672,-0.779601537,,,,
-26096,33054,-0.789495976,-18819.49244,32392.92,-0.580975486,,,,
-13580.25,21541,-0.630437306,-9269.206588,21110.18,-0.439087047,,,,
-37126,49119,-0.755837863,-27295.71629,48136.62,-0.567046799,,,,
-16609,26606,-0.624257686,-11285.1394,25541.76,-0.441830923,,,,
-32993.79716,49932,-0.660774597,-23000.80613,48933.36,-0.470043466,,,,
-8942.730445,15893,-0.562683599,-5126.76284,15257.28,-0.336020761,,,,
-12513,25487,-0.490956174,-6394.486534,24467.52,-0.26134592,,,,
-22376,33352,-0.670904294,-15703.59888,30683.84,-0.511787276,,,,
-15395.87115,22359,-0.688576016,-9579.400888,21017.46,-0.455782996,,,,
-28384.43458,30341,-0.935514142,-28385.64028,30341,-0.93555388,,,,
-16839,24848,-0.677680296,-11369.45824,24351.04,-0.466898261,,,,
-21221,34169,-0.621060025,-14386.7831,30752.1,-0.467830916,,,,
-21555.78422,28545,-0.755150962,-15843.63806,27974.1,-0.566368107,,,,
-26563.73057,26493,-1.002669783,-23912.21862,26493,-0.902586291,,,,
-9536,14468,-0.659109759,-6061.94384,13889.28,-0.436447666,,,,
-29763,31751,-0.937387799,-24044.89891,31751,-0.757295799,,,,
-31520,47511,-0.663425312,-22014.94934,43710.12,-0.503657948,,,,
-10997.125,31951,-0.344187193,-3967.26598,25560.8,-0.155208991,,,,
-13522,16480,-0.820509709,-13522,16480,-0.820509709,,,,
-20232,32212,-0.628088911,-13785.09032,32212,-0.427948911,,,,
-36050,54063,-0.666814642,-25232.4262,50819.22,-0.496513449,,,,
-17201.90286,20175,-0.85263459,-17201.90286,20175,-0.85263459,,,,
-25916.90991,32895,-0.787867758,-18675.40461,32237.1,-0.579314039,,,,
-13320,17274,-0.771101077,-13320.93217,17274,-0.77115504,,,,
-26062,34083,-0.764662735,-19241.55402,33401.34,-0.57607132,,,,
-20695.91767,26679,-0.775738134,-14825.04365,25611.84,-0.578835556,,,,
-34241,42190,-0.811590424,-24954.1372,40502.4,-0.616115025,,,,
-36722,47695,-0.769933955,-27180.1383,43879.4,-0.619428212,,,,
-22437,30419,-0.737598212,-15132.18134,29202.24,-0.518185637,,,,
-15820,34791,-0.4547153,-8163.19672,29920.26,-0.272831744,,,,
-8544,16534,-0.516753357,-4573.52524,15872.64,-0.288138913,,,,
-9888,24818,-0.398420501,-4921.42184,24321.64,-0.20234745,,,,
-31976.90737,45965,-0.695679481,-21860.01087,43207.1,-0.505935619,,,,
-29214,41177,-0.709473735,-20149.29522,40353.46,-0.499320138,,,,
-28037.95,34992,-0.801267433,-22435.12093,34292.16,-0.654234698,,,,
-26446.97409,34414,-0.768494627,-20937.01738,33725.72,-0.620802681,,,,
-38275,55283,-0.692346653,-26106.5483,51966.02,-0.50237729,,,,
-38561.91816,40572,-0.950456427,-33692.95358,40572,-0.830448427,,,,
-19930,21879,-0.910919146,-19930,21879,-0.910919146,,,,
-24582.90273,27537,-0.892722618,-21276.25977,27537,-0.772642618,,,,
-22051,29028,-0.759645859,-16240.5648,28447.44,-0.570897234,,,,
-14171.84412,26117,-0.542629097,-7901.22362,25072.32,-0.315137316,,,,
-7909,24890,-0.317758136,-2429.7154,24392.2,-0.099610343,,,,
-31050.28286,40977,-0.757749051,-22853.0103,38518.38,-0.593301439,,,,
-11880.74942,13858,-0.857320639,-9662.686775,13858,-0.697264163,,,,
-15333,20281,-0.756027809,-11275.66426,19875.38,-0.567318173,,,,
-28785.59742,34715,-0.829197679,-20449.13732,33326.4,-0.613601749,,,,
-17065.71315,25055,-0.68113004,-11049.00545,24052.8,-0.459364625,,,,
-31786,38720,-0.820919421,-24036.88896,37945.6,-0.633456553,,,,
-15965,36932,-0.432280949,-10792.30408,36193.36,-0.298184642,,,,
-18487,35480,-0.521054115,-10681.79328,31222.4,-0.342119545,,,,
-23938,26945,-0.888402301,-20162.68216,26945,-0.748290301,,,,
-23665.5,30610,-0.773129696,-16936.2946,29997.8,-0.564584556,,,,
-19101,26046,-0.73335637,-13889.73125,25525.08,-0.544160146,,,,
-15128,23095,-0.655033557,-9579.626306,22171.2,-0.432075228,,,,
-22644.45199,28598,-0.791819428,-16349.42628,28026.04,-0.583365551,,,,
-26014,29028,-0.896169216,-24857.65849,29028,-0.856333832,,,,
-29484,36468,-0.808489635,-22185.58622,35738.64,-0.620773097,,,,
-12475.88501,14471,-0.862130123,-9290.296954,14471,-0.641994123,,,,
-15384,23381,-0.657970147,-9769.28666,22445.76,-0.435239736,,,,
-8962.898322,26912,-0.333044676,-4115.482912,26373.76,-0.156044603,,,,
-34811,36828,-0.945231889,-34811,36828,-0.945231889,,,,
-21403,34378,-0.622578393,-15211.5222,31627.76,-0.480954775,,,,
-22373.97331,29321,-0.763069926,-15919.24837,28734.58,-0.554010129,,,,
-27816.16826,36776,-0.756367421,-20457.25688,36040.48,-0.56761888,,,,
-11990,19926,-0.601726388,-8002.169768,19527.48,-0.409790191,,,,
-8107.321909,25035,-0.323839501,-2596.686214,24534.3,-0.105839018,,,,
-15965.375,18976,-0.841345647,-15965.375,18976,-0.841345647,,,,
-13414,21404,-0.626705289,-7845.96344,20119.76,-0.389963073,,,,
-7467,14466,-0.516175861,-3993.13476,13887.36,-0.287537355,,,,
-9124,17057,-0.534912353,-5369.07202,16715.86,-0.321196278,,,,
-17271,27241,-0.634007562,-10730.4359,25061.72,-0.428160394,,,,
-16356,19317,-0.846715328,-16356,19317,-0.846715328,,,,
-12078,20071,-0.601763739,-8064.134931,19669.58,-0.409980027,,,,
-16296,23253,-0.700812798,-11177.08458,22787.94,-0.490482447,,,,
-13872,20821,-0.66625042,-9705.051628,20404.58,-0.475631041,,,,
-24809,27793,-0.892634836,-19803.03601,27793,-0.712518836,,,,
-16553,28527,-0.5802573,-10843.83444,27956.46,-0.387882959,,,,
-32758,39707,-0.824993074,-24015.90202,38912.86,-0.617171342,,,,
-5185.960127,17139,-0.302582422,-1070.886227,14739.54,-0.072653979,,,,
-30329.33154,38292,-0.792053994,-21901.1952,37526.16,-0.583624735,,,,
-10693,15651,-0.68321513,-6622.116282,15651,-0.423111385,,,,
-29852.29072,39815,-0.749774977,-21887.46593,37426.1,-0.58481824,,,,
-11267,18207,-0.618827923,-6894.77102,17478.72,-0.394466587,,,,
-8772,26699,-0.328551631,-3428.675732,26165.02,-0.13104044,,,,
-17147.5,19127,-0.896507555,-17149.95,19127,-0.896635646,,,,
-14068,15011,-0.937179402,-9862.81846,15011,-0.657039402,,,,
-19077,33025,-0.577653293,-13790.358,30383,-0.453884014,,,,
-12784,19706,-0.648736425,-8452.91116,19311.88,-0.437705245,,,,
-14756,22727,-0.649271791,-10207.60004,22272.46,-0.458305909,,,,
-21379,24345,-0.878168002,-18455.36026,24345,-0.758076002,,,,
-31217,38183,-0.81756279,-22817.51584,37419.34,-0.609778682,,,,
-12606.55552,33573,-0.375496843,-5890.05814,30887.16,-0.190696009,,,,
-39320,56321,-0.698141013,-28049.49205,54068.16,-0.518780222,,,,
-10073.125,22024,-0.457370369,-5224.76164,21583.52,-0.242071805,,,,
-23438.25205,35357,-0.662902736,-17777.69193,34649.86,-0.513066775,,,,
-17727,25689,-0.690061894,-11558.04354,24661.44,-0.46866864,,,,
-35948,52934,-0.679109835,-25355.27139,50816.64,-0.498956078,,,,
-8880,13816,-0.642733063,-6114.921024,13816,-0.442597063,,,,
-31906.41014,34893,-0.914407192,-31906.65315,34893,-0.914414156,,,,
-21252.98687,29231,-0.727070127,-14818.08373,28646.38,-0.51727596,,,,
-19114.7955,32066,-0.596107887,-12697.43501,31424.68,-0.404059326,,,,
-37061,39042,-0.949259772,-37061,39042,-0.949259772,,,,
-13608,25578,-0.532019704,-7977.25908,25066.44,-0.318244596,,,,
-34267,42280,-0.810477767,-25805.9264,41434.4,-0.622814048,,,,
-35677.75,41653,-0.856546947,-26520.28687,40819.94,-0.649689511,,,,
-18190,22142,-0.821515672,-18185,22142,-0.821289856,,,,
-10127,16086,-0.629553649,-6264.10796,15442.56,-0.405639218,,,,
-8813,19756,-0.446092326,-4070.57952,17780.4,-0.22893633,,,,
-22670,25631,-0.88447583,-22158.91786,25631,-0.86453583,,,,
-34084.69745,37006,-0.921058678,-34085.99684,37006,-0.921093791,,,,
-29678.96445,39598,-0.749506653,-22548.15661,38014.08,-0.593152764,,,,
-12441,24362,-0.510672359,-6592.65932,23387.52,-0.281887918,,,,
-31435,42384,-0.741671385,-22107.19158,38145.6,-0.579547617,,,,
-11107,29057,-0.382248684,-4710.39202,28475.86,-0.165417024,,,,
-24145,40081,-0.60240513,-16127.99838,32866.42,-0.490713573,,,,
-27791.90754,29759,-0.933899242,-27791.90754,29759,-0.933899242,,,,
-22906.62775,25847,-0.886239322,-19805.46778,25847,-0.766257894,,,,
-37702.875,45701,-0.824990153,-28559.03104,44786.98,-0.637663693,,,,
-13523,16498,-0.819675112,-11871.81417,16498,-0.719591112,,,,
-16792,24767,-0.67799895,-10844.45262,23776.32,-0.456103073,,,,
-29796,44737,-0.666025885,-20843.62918,42052.78,-0.495654013,,,,
-39192.79287,44218,-0.886353812,-30344.43688,43333.64,-0.70025128,,,,
-12664,19586,-0.646584295,-8743.795251,19194.28,-0.455541716,,,,
-30601.72538,39605,-0.772673283,-21884.66488,37228.7,-0.587843918,,,,
-15951,23946,-0.666123779,-10679.52756,23467.08,-0.455085488,,,,
-23017,29981,-0.767719556,-17016.84251,29381.38,-0.579170975,,,,
-19081,37039,-0.515159697,-10929.55175,32594.32,-0.335320748,,,,
-17589.95922,25527,-0.689072716,-11459.90544,24505.92,-0.467638246,,,,
-10416,24372,-0.427375677,-5054.74792,23884.56,-0.211632449,,,,
-14407,18381,-0.783798488,-14407.91,18381,-0.783847995,,,,
-38667,46627,-0.829283462,-28404.3973,44761.92,-0.634566107,,,,
-10992.83469,14963,-0.734667826,-7999.384736,14963,-0.534611023,,,,
-25443.59,38408,-0.662455478,-17757.08014,37639.84,-0.471762902,,,,
-27016,33965,-0.795407037,-20220.19929,33285.7,-0.607474059,,,,
-26403,41343,-0.6386329,-17306.44391,33901.26,-0.510495596,,,,
-23537,31502,-0.747158911,-17231.73074,30871.96,-0.558167694,,,,
-11394,19389,-0.587652793,-7125.705839,19001.22,-0.37501307,,,,
-32101.87206,39041,-0.822260497,-23510.28508,38260.18,-0.614484435,,,,
-9468.840954,20452,-0.462978728,-5375.74129,20042.96,-0.268210947,,,,
-7765,9723,-0.798621825,-7765,9723,-0.798621825,,,,
-29307,38273,-0.765735636,-21653.25628,36742.08,-0.589331259,,,,
-13512.98031,20480,-0.659813492,-9414.276948,20070.4,-0.469062747,,,,
-28316,41253,-0.686398565,-20060.44964,40427.94,-0.496202617,,,,
-18797,21734,-0.864866108,-18800.62996,21734,-0.865033126,,,,
-22253,32283,-0.689310163,-14501.8517,29700.36,-0.488271917,,,,
-11290.875,21286,-0.530436672,-6605.40068,20434.56,-0.323246533,,,,
-18670.66098,21590,-0.864782815,-18671.66353,21590,-0.864829251,,,,
-42766,44754,-0.95557939,-37392.83476,44754,-0.83551939,,,,
-34472,37472,-0.919940222,-26972.50381,37472,-0.719804222,,,,
-29800,41749,-0.713789552,-20609.08325,36739.12,-0.560957455,,,,
-9890.441266,26878,-0.367975343,-3973.982209,26340.44,-0.150870001,,,,
-11534,18473,-0.624370703,-7097.89378,17734.08,-0.400240316,,,,
-7796.840318,15720,-0.495982209,-3709.5892,14776.8,-0.251041443,,,,
-13024,21999,-0.59202691,-7741.16014,21119.04,-0.366548865,,,,
-23187,30132,-0.769514138,-17156.62258,29529.36,-0.581002181,,,,
-35667,53637,-0.664970077,-23866.89849,49346.04,-0.483663907,,,,
-22075,24038,-0.918337632,-22075,24038,-0.918337632,,,,
-18703.94022,25655,-0.729056333,-13056.24852,25141.9,-0.51930238,,,,
-30422.83945,32395,-0.939121452,-30422.99972,32395,-0.9391264,,,,
-30408,42350,-0.718016529,-21931.66359,41503,-0.528435621,,,,
-9399,16322,-0.575848548,-5148.32136,15342.68,-0.335555546,,,,
-36977.81313,44951,-0.822624928,-27083.19901,43152.96,-0.6276093,,,,
-18402,26323,-0.699084451,-13133.92536,25796.54,-0.509135154,,,,
-34069,39008,-0.873384947,-26263.05574,38227.84,-0.687013855,,,,
-19706,32728,-0.602114397,-14466.2472,30764.32,-0.470228082,,,,
-14617,24567,-0.594985143,-9700.65196,24075.66,-0.402923615,,,,
-22676,33664,-0.673597909,-15938.75635,32990.72,-0.483128478,,,,
-31598.98494,39571,-0.798538954,-23679.56157,38779.58,-0.610619341,,,,
-29601,37586,-0.787553876,-21326.81796,36834.28,-0.578993751,,,,
-27837,34777,-0.800442821,-20181.19122,34081.46,-0.592145736,,,,
-25385,28333,-0.895951717,-25385,28333,-0.895951717,,,,
-20521.84691,25480,-0.805410004,-15422.48355,24970.4,-0.617630617,,,,
-10768,23742,-0.453542246,-5067.5458,20418.12,-0.248188658,,,,
-21223,29207,-0.726640874,-14209.81516,28038.72,-0.506792577,,,,
-16127,18114,-0.890305841,-16127,18114,-0.890305841,,,,
-26886,38872,-0.691654661,-18330.2728,34207.36,-0.53585757,,,,
-10988.42562,16974,-0.64736807,-6574.36449,15955.56,-0.412042228,,,,
-9660,17653,-0.547215771,-5067.74858,16593.82,-0.305399756,,,,
-33010,40978,-0.8055542,-24809.002,40158.44,-0.617778031,,,,
-8780,17761,-0.494341535,-4159.65346,16695.34,-0.249150569,,,,
-27225,35151,-0.774515661,-18783.83886,33744.96,-0.556641314,,,,
-18390,26333,-0.69836327,-12593.05338,25806.34,-0.487982929,,,,
-21632.625,34642,-0.624462358,-14700.7608,31177.8,-0.471513731,,,,
-30256,37241,-0.812437904,-22802.88419,36496.18,-0.624801943,,,,
-20325.65596,30270,-0.671478558,-13662.0622,29664.6,-0.460551034,,,,
-33952,41963,-0.809093725,-24715.9437,40284.48,-0.613535131,,,,
-8454,22406,-0.377309649,-3969.842408,21957.88,-0.18079352,,,,
-22273,29218,-0.762304059,-15840.94948,28633.64,-0.553228632,,,,
-5400.842537,8369,-0.645339053,-3726.038257,8369,-0.445219053,,,,
-8065.764999,16036,-0.502978611,-3894.314513,15073.84,-0.258349201,,,,
-13446,16399,-0.819928044,-13446,16399,-0.819928044,,,,
-17590,20595,-0.854090799,-14292.86357,20595,-0.693996774,,,,
-32793,39781,-0.824338252,-24036.60903,38985.38,-0.616554437,,,,
-23089.875,29030,-0.79537978,-17863.85622,28449.4,-0.627916801,,,,
-11799,21734,-0.54288212,-7449.59192,21299.32,-0.349757265,,,,
-24366,35355,-0.689181162,-16585.7787,31819.5,-0.521245736,,,,
-11898.625,22899,-0.519613302,-6401.49106,20609.1,-0.31061478,,,,
-15767,18735,-0.841579931,-15769.96,18735,-0.841737924,,,,
-20033,22014,-0.910011811,-20033,22014,-0.910011811,,,,
-10175,15158,-0.6712627,-8659.018104,15158,-0.5712507,,,,
-21233,22190,-0.956872465,-21234.95738,22190,-0.956960675,,,,
-25560.98207,41526,-0.615541638,-18914.33051,39864.96,-0.47446004,,,,
-25357,47350,-0.535522703,-14937.48492,41668,-0.358488166,,,,
-24956,30957,-0.806150467,-18760.26602,30957,-0.606010467,,,,
-9721.908657,21659,-0.448862305,-4088.402757,18193.56,-0.224717029,,,,
-45639,50636,-0.90131527,-35505.11605,49623.28,-0.715493132,,,,
-19989,38941,-0.513315015,-14535.64896,38162.18,-0.380891473,,,,
-38567,41558,-0.928028298,-30253.07275,40726.84,-0.742828875,,,,
-19458.8978,21478,-0.905992076,-19458.98669,21478,-0.905996214,,,,
-38590,45590,-0.846457556,-29466.64962,44678.2,-0.659530814,,,,
-29840,32795,-0.909894801,-29846.96176,32795,-0.910107082,,,,
-19539.36555,21508,-0.908469665,-19539.36555,21508,-0.908469665,,,,
-16948,22890,-0.74041066,-12368.71816,22432.2,-0.551382306,,,,
-33892,45864,-0.738967382,-24713.52073,41277.6,-0.598715059,,,,
-10425,19379,-0.537953455,-6158.90694,18991.42,-0.324299444,,,,
-22216,25151,-0.883304839,-19195.96852,25151,-0.763228839,,,,
-8774,14736,-0.595412595,-5235.709568,14736,-0.355300595,,,,
-12295.56966,19252,-0.638664537,-7672.684428,18481.92,-0.415145419,,,,
-22910.625,25897,-0.884682589,-17210.28095,25897,-0.664566589,,,,
-23812.98423,40760,-0.584224343,-17286.65607,39944.8,-0.432763616,,,,
-13430,26397,-0.508769936,-7091.02442,25341.12,-0.27982285,,,,
-10666.96534,16614,-0.642046788,-6344.999377,15617.16,-0.406283817,,,,
-20143,31113,-0.647414264,-13917.2887,28001.7,-0.497015849,,,,
-17162.606,25156,-0.682247019,-11624.76416,24652.88,-0.471537774,,,,
-24890,32836,-0.758009502,-18976.32834,32179.28,-0.58970643,,,,
-30406.93473,43350,-0.701428714,-20864.73273,41616,-0.501363243,,,,
-24397,32382,-0.75341239,-17270.36576,31734.36,-0.544216608,,,,
-21629.99028,23580,-0.917302387,-21629.99028,23580,-0.917302387,,,,
-25208,30191,-0.834950813,-17961.56569,27775.72,-0.64666427,,,,
-27075.75,38032,-0.711920225,-19476.35808,34989.44,-0.556635318,,,,
-19049,22023,-0.864959361,-17728.23865,22023,-0.804987452,,,,
-7074,20009,-0.353540907,-2669.21874,19608.82,-0.136123374,,,,
-20585.99486,27527,-0.747847381,-15627.72151,26976.46,-0.579309572,,,,
-9567,11564,-0.82730889,-9567,11564,-0.82730889,,,,
-16817,24783,-0.678569987,-11857.12864,24287.34,-0.488202028,,,,
-35256,48255,-0.730618589,-25600.70599,47289.9,-0.541356738,,,,
-29366,36376,-0.807290521,-22085.99837,35648.48,-0.619549511,,,,
-20046.98736,27973,-0.716654894,-13329.55114,26854.08,-0.496369682,,,,
-23859,36855,-0.647374847,-17220.52998,36117.9,-0.476786579,,,,
-16910,18895,-0.894945753,-16910,18895,-0.894945753,,,,
-28403.89275,34360,-0.826655784,-22904.64347,33672.8,-0.680212025,,,,
-34882,37838,-0.921877478,-29580.8962,37838,-0.781777478,,,,
-20963,32896,-0.63725073,-14378.44735,32238.08,-0.446008179,,,,
-15067,38011,-0.396385257,-7460.9989,34209.9,-0.21809473,,,,
-33231,40209,-0.826456763,-25183.89241,39404.82,-0.639106901,,,,
-36478,38492,-0.947677439,-36478,38492,-0.947677439,,,,
-19803.80857,27792,-0.712572271,-13685.67769,27236.16,-0.50248191,,,,
-16467,28394,-0.579946468,-10216.34484,27826.12,-0.367149457,,,,
-16180.625,25143,-0.643543929,-11151.62789,24640.14,-0.452579729,,,,
-22119.22841,32095,-0.689179885,-15055.88094,30169.3,-0.499046413,,,,
-14316,18256,-0.784180543,-14317.97008,18256,-0.784288457,,,,
-26625,28625,-0.930131004,-26625,28625,-0.930131004,,,,
-11737.95408,17670,-0.664287158,-8201.621641,17316.6,-0.473627712,,,,
-22216,29141,-0.762362307,-15800.90026,28558.18,-0.553288069,,,,
-28581,31557,-0.905694458,-23527.96693,31557,-0.745570458,,,,
-6889.782056,8856,-0.777979004,-4940.48332,8856,-0.557868487,,,,
-31528,48482,-0.650303205,-20857.1118,42664.16,-0.488867279,,,,
-15805.95486,32744,-0.482713012,-9907.974607,32089.12,-0.308764298,,,,
-12257,22216,-0.551719481,-7812.01408,21771.68,-0.358815401,,,,
-29103.91563,36082,-0.806604834,-21160.84321,35360.36,-0.598434043,,,,
-12794,15742,-0.812730276,-9960.743449,15742,-0.632749552,,,,pct change
-21577.85441,28581,-0.754971989,-15286.03307,28009.38,-0.545746927,,value1,-21943.14232,-23.97459923
-14094,16048,-0.878240279,-11527.97197,16048,-0.718343218,,value2,-16682.36189,
-25535.97136,27511,-0.928209493,-25535.97136,27511,-0.928209493,,r1,29812.88889,-3.632954193
-15755,28745,-0.548095321,-10003.1255,25870.5,-0.386661468,,r2,28729.80029,
-32073.25,42061,-0.762541309,-23657.68512,39537.34,-0.598363095,,def1,-0.731340446,-21.54657152
-11540.2489,16471,-0.700640453,-8245.285828,16141.58,-0.510810331,,def2,-0.573761654,
-19682,27656,-0.71167197,-13594.36128,27102.88,-0.501583643,,,,
-15320,18260,-0.838992333,-15320,18260,-0.838992333,,,,
