Expected Tenure 1,Expected Tenure 2,,Employee,Percentage Change,,change,difference
12.375,33.25,,1,168.6868687,,1.686868687,20.875
7,16.75,,2,139.2857143,,1.392857143,9.75
2.135751111,2.133526205,,3,-0.104174404,,-0.001041744,-0.002224906
7,8.375,,4,19.64285714,,0.196428571,1.375
4,0.352655198,,5,-91.18362005,,-0.911836201,-3.647344802
0.12,0.306390018,,6,155.325015,,1.55325015,0.186390018
9,15,,7,66.66666667,,0.666666667,6
7.08,52.55342795,,8,642.2800558,,6.422800558,45.47342795
4,53.95618247,,9,1248.904562,,12.48904562,49.95618247
7,5.014208124,,10,-28.36845537,,-0.283684554,-1.985791876
2.126225918,2.181081873,,11,2.579968315,,0.025799683,0.054855955
2.359955731,2.394882851,,12,1.479990474,,0.014799905,0.03492712
9.875,15,,13,51.89873418,,0.518987342,5.125
2.040951431,2.248444633,,14,10.16649386,,0.101664939,0.207493202
1,0.022649328,,15,-97.7350672,,-0.977350672,-0.977350672
8.359080095,9.228514766,,16,10.40108075,,0.104010808,0.869434671
4,2.191428645,,17,-45.21428388,,-0.452142839,-1.808571355
2.036924523,2.037524471,,18,0.02945362,,0.000294536,0.000599948
7,7,,19,0,,0,0
0.02,0.234844513,,20,1074.222565,,10.74222565,0.214844513
15,15,,21,0,,0,0
8,8,,22,0,,0,0
7,10,,23,42.85714286,,0.428571429,3
7,7,,24,0,,0,0
4,1.315680994,,25,-67.10797515,,-0.671079752,-2.684319006
7,2.075641508,,26,-70.34797846,,-0.703479785,-4.924358492
2,0.37249663,,27,-81.3751685,,-0.813751685,-1.62750337
3.025581389,3.236586151,,28,6.974023663,,0.069740237,0.211004762
2.036655046,35.84838706,,29,1660.15998,,16.6015998,33.81173201
2,1.223782719,,30,-38.81086405,,-0.388108641,-0.776217281
8,10,,31,25,,0.25,2
0.03,0.434573818,,32,1348.579393,,13.48579393,0.404573818
0.05,0.328193708,,33,556.387416,,5.56387416,0.278193708
10,10,,34,0,,0,0
12.25,22.125,,35,80.6122449,,0.806122449,9.875
7,7,,36,0,,0,0
4,0.089878953,,37,-97.75302618,,-0.977530262,-3.910121047
7,7,,38,0,,0,0
0.006201174,0.648978928,,39,10365.42039,,103.6542039,0.642777754
3.12,3.067878369,,40,-1.670565096,,-0.016705651,-0.052121631
7,2.334826731,,41,-66.64533241,,-0.666453324,-4.665173269
3,72.3936383,,42,2313.121277,,23.13121277,69.3936383
15,15,,43,0,,0,0
8,14,,44,75,,0.75,6
2.01140975,2.112165882,,45,5.009229571,,0.050092296,0.100756132
8,30.76587635,,46,284.5734544,,2.845734544,22.76587635
6.55,10,,47,52.67175573,,0.526717557,3.45
9,9,,48,0,,0,0
9,6.218412002,,49,-30.90653331,,-0.309065333,-2.781587998
15,7,,50,-53.33333333,,-0.533333333,-8
2,7,,51,250,,2.5,5
5.75,22.75,,52,295.6521739,,2.956521739,17
3,0.485631191,,53,-83.81229363,,-0.838122936,-2.514368809
2.12,2.19492154,,54,3.534034906,,0.035340349,0.07492154
3.194559476,3.034859739,,55,-4.999116097,,-0.049991161,-0.159699737
4.125,13,,56,215.1515152,,2.151515152,8.875
1.164446117,1.164446117,,57,0,,0,0
7,14,,58,100,,1,7
1.047845743,0.362644062,,59,-65.39146488,,-0.653914649,-0.685201681
12.625,12.625,,60,0,,0,0
18.375,91.8040614,,61,399.6139396,,3.996139396,73.4290614
2,0.570163704,,62,-71.4918148,,-0.714918148,-1.429836296
7,2.696943973,,63,-61.47222896,,-0.61472229,-4.303056027
7,2.247415447,,64,-67.89406504,,-0.67894065,-4.752584553
8,50.43663294,,65,530.4579118,,5.304579118,42.43663294
4.427732255,106.3569732,,66,2302.064241,,23.02064241,101.9292409
7,7,,67,0,,0,0
11,48.07927184,,68,337.0842895,,3.370842895,37.07927184
2.14825945,2.560882788,,69,19.20733262,,0.192073326,0.412623338
7,4.97996288,,70,-28.85767314,,-0.288576731,-2.02003712
3,0.201624315,,71,-93.2791895,,-0.932791895,-2.798375685
4,2.419049956,,72,-39.5237511,,-0.395237511,-1.580950044
19.125,49.06307443,,73,156.5389513,,1.565389513,29.93807443
7,7,,74,0,,0,0
8,8,,75,0,,0,0
8,62.26644498,,76,678.3305623,,6.783305623,54.26644498
10,10,,77,0,,0,0
9,9.875,,78,9.722222222,,0.097222222,0.875
7,7,,79,0,,0,0
2.264968507,2.465607258,,80,8.85834617,,0.088583462,0.200638751
7,4.07272238,,81,-41.81825171,,-0.418182517,-2.92727762
10.43188864,11.28996753,,82,8.225537289,,0.082255373,0.85807889
2.06,2.995896262,,83,45.43185738,,0.454318574,0.935896262
0.2198918,0.074967905,,84,-65.90691194,,-0.659069119,-0.144923895
13,51.76844986,,85,298.2188451,,2.982188451,38.76844986
7,0.310827814,,86,-95.55960266,,-0.955596027,-6.689172186
7,7,,87,0,,0,0
7,7,,88,0,,0,0
2.047335649,90.08539275,,89,4300.128176,,43.00128176,88.0380571
0.03,0.207866008,,90,592.8866933,,5.928866933,0.177866008
29.625,47.625,,91,60.75949367,,0.607594937,18
7,3.902237747,,92,-44.25374647,,-0.442537465,-3.097762253
4,4,,93,0,,0,0
2,0.408647022,,94,-79.5676489,,-0.795676489,-1.591352978
4,3.011235272,,95,-24.7191182,,-0.247191182,-0.988764728
7.26,21.375,,96,194.4214876,,1.944214876,14.115
0.09,0.701062414,,97,678.9582378,,6.789582378,0.611062414
12.53063647,12.90533048,,98,2.990223289,,0.029902233,0.37469401
7,9.25,,99,32.14285714,,0.321428571,2.25
7,49.36825966,,100,605.2608523,,6.052608523,42.36825966
4.198519774,82.60580516,,101,1867.4983,,18.674983,78.40728539
2.516970953,1.045507958,,102,-58.46165977,,-0.584616598,-1.471462995
11,18.25494682,,103,65.954062,,0.65954062,7.25494682
3,2.171035964,,104,-27.63213453,,-0.276321345,-0.828964036
3,2.685568222,,105,-10.48105927,,-0.104810593,-0.314431778
9.875,68.12482889,,106,589.871685,,5.89871685,58.24982889
13,27.55992997,,107,111.9994613,,1.119994613,14.55992997
3,2.498055693,,108,-16.7314769,,-0.167314769,-0.501944307
13,46.38608345,,109,256.8160265,,2.568160265,33.38608345
8,2.171011135,,110,-72.86236081,,-0.728623608,-5.828988865
9,60.58860258,,111,573.2066953,,5.732066953,51.58860258
13,13,,112,0,,0,0
7,2.274481682,,113,-67.50740454,,-0.675074045,-4.725518318
4,82.74671278,,114,1968.66782,,19.6866782,78.74671278
8,24.75,,115,209.375,,2.09375,16.75
7,2.020896766,,116,-71.1300462,,-0.711300462,-4.979103234
3.255318327,3.39988093,,117,4.440813109,,0.044408131,0.144562603
7,7,,118,0,,0,0
4,4,,119,0,,0,0
4,0.570138305,,120,-85.74654238,,-0.857465424,-3.429861695
8,8.683206984,,121,8.5400873,,0.085400873,0.683206984
16.625,12,,122,-27.81954887,,-0.278195489,-4.625
26.375,52.83502141,,123,100.3223561,,1.003223561,26.46002141
9.418822514,9.332458922,,124,-0.91692557,,-0.009169256,-0.086363592
9.75,12,,125,23.07692308,,0.230769231,2.25
9.75,90.40048477,,126,827.1844592,,8.271844592,80.65048477
2,0.338882349,,127,-83.05588255,,-0.830558826,-1.661117651
2,0.496728628,,128,-75.1635686,,-0.751635686,-1.503271372
11,14,,129,27.27272727,,0.272727273,3
4.5,14.75,,130,227.7777778,,2.277777778,10.25
2.15,37.22379273,,131,1631.339197,,16.31339197,35.07379273
2.042075177,18.7271221,,132,817.0633046,,8.170633046,16.68504692
2.196687141,2.052508335,,133,-6.563465653,,-0.065634657,-0.144178806
7,4,,134,-42.85714286,,-0.428571429,-3
2,87.28545583,,135,4264.272792,,42.64272792,85.28545583
7,7,,136,0,,0,0
8,13,,137,62.5,,0.625,5
9,15,,138,66.66666667,,0.666666667,6
7,7,,139,0,,0,0
4,48.82956171,,140,1120.739043,,11.20739043,44.82956171
2.124821179,2.702372289,,141,27.18116309,,0.271811631,0.57755111
9.625,16.125,,142,67.53246753,,0.675324675,6.5
18.25,33.5432241,,143,83.79848822,,0.837984882,15.2932241
4.439457746,4.493941333,,144,1.227257699,,0.012272577,0.054483587
2.09,2.047811613,,145,-2.01858311,,-0.020185831,-0.042188387
2,1.297713493,,146,-35.11432535,,-0.351143254,-0.702286507
13.06384317,13.2661754,,147,1.548795614,,0.015487956,0.20233223
2.026874946,2.157075676,,148,6.423717963,,0.06423718,0.13020073
4,2.054709149,,149,-48.63227128,,-0.486322713,-1.945290851
4,2.439184925,,150,-39.02037688,,-0.390203769,-1.560815075
4,2.062605924,,151,-48.4348519,,-0.484348519,-1.937394076
3,3,,152,0,,0,0
8,12.41565174,,153,55.19564675,,0.551956468,4.41565174
10,10,,154,0,,0,0
15.75,15.75,,155,0,,0,0
9,47.13778873,,156,423.7532081,,4.237532081,38.13778873
15,10,,157,-33.33333333,,-0.333333333,-5
,47.78512841,,158,#DIV/0!,,#DIV/0!,47.78512841
7,11.24525438,,159,60.64649114,,0.606464911,4.24525438
13,8.831894821,,160,-32.06234753,,-0.320623475,-4.168105179
8.159282185,77.14624351,,161,845.5028244,,8.455028244,68.98696133
7,2.358949288,,162,-66.30072446,,-0.663007245,-4.641050712
3,52.14173182,,163,1638.057727,,16.38057727,49.14173182
7,0.494525521,,164,-92.9353497,,-0.929353497,-6.505474479
0.01,9,,165,89900,,899,8.99
7,2.010425787,,166,-71.27963161,,-0.712796316,-4.989574213
2.08,77.4224133,,167,3622.231409,,36.22231409,75.3424133
7,10.875,,168,55.35714286,,0.553571429,3.875
3.17,7,,169,120.8201893,,1.208201893,3.83
4,2.046227953,,170,-48.84430118,,-0.488443012,-1.953772047
2.029684233,1.254670265,,171,-38.18396751,,-0.381839675,-0.775013968
4,45.09669931,,172,1027.417483,,10.27417483,41.09669931
2.03,14,,173,589.6551724,,5.896551724,11.97
7,79.87492672,,174,1041.070382,,10.41070382,72.87492672
13.75,8,,175,-41.81818182,,-0.418181818,-5.75
8,9.434189217,,176,17.92736521,,0.179273652,1.434189217
15,7,,177,-53.33333333,,-0.533333333,-8
7,8.875,,178,26.78571429,,0.267857143,1.875
7.41,3,,179,-59.51417004,,-0.5951417,-4.41
3,42.04069394,,180,1301.356465,,13.01356465,39.04069394
11,2.177072488,,181,-80.20843193,,-0.802084319,-8.822927512
2.150543126,9,,182,318.4989313,,3.184989313,6.849456874
15,15,,183,0,,0,0
10.32664467,9,,184,-12.84681242,,-0.128468124,-1.32664467
6,0.134259765,,185,-97.76233725,,-0.977623373,-5.865740235
2,9,,186,350,,3.5,7
9,11.86789059,,187,31.865451,,0.31865451,2.86789059
10,8,,188,-20,,-0.2,-2
8,2.030389169,,189,-74.62013539,,-0.746201354,-5.969610831
4,2.207752463,,190,-44.80618843,,-0.448061884,-1.792247537
2.073213184,7,,191,237.640145,,2.37640145,4.926786816
7,15,,192,114.2857143,,1.142857143,8
15,69.91149639,,193,366.0766426,,3.660766426,54.91149639
3.300481564,2.302429073,,194,-30.23960206,,-0.302396021,-0.998052491
2.407784537,2.109986761,,195,-12.36812395,,-0.12368124,-0.297797776
2.012728722,0.038778347,,196,-98.07334458,,-0.980733446,-1.973950375
0.06,81.84896863,,197,136314.9477,,1363.149477,81.78896863
12.75,7,,198,-45.09803922,,-0.450980392,-5.75
7,2.269704101,,199,-67.5756557,,-0.675756557,-4.730295899
2.357486033,49.85184214,,200,2014.618769,,20.14618769,47.49435611
2.04,79.94281202,,201,3818.765295,,38.18765295,77.90281202
15.25,1.02710772,,202,-93.26486741,,-0.932648674,-14.22289228
2,2.521525837,,203,26.07629185,,0.260762919,0.521525837
2.681700706,6.132197222,,204,128.6682182,,1.286682182,3.450496516
7,91.46204397,,205,1206.600628,,12.06600628,84.46204397
5,2.30748327,,206,-53.8503346,,-0.538503346,-2.69251673
4,2.110983486,,207,-47.22541285,,-0.472254129,-1.889016514
3,2.240412614,,208,-25.31957953,,-0.253195795,-0.759587386
2.079089447,7,,209,236.6858511,,2.366858511,4.920910553
7,10,,210,42.85714286,,0.428571429,3
15,0.1840643,,211,-98.77290467,,-0.987729047,-14.8159357
2,1.248348986,,212,-37.5825507,,-0.375825507,-0.751651014
1.256897569,65.29046225,,213,5094.573039,,50.94573039,64.03356468
8,3,,214,-62.5,,-0.625,-5
3,7.103394199,,215,136.7798066,,1.367798066,4.103394199
15,0.411705185,,216,-97.25529877,,-0.972552988,-14.58829482
1,2,,217,100,,1,1
7,3.333805885,,218,-52.37420164,,-0.523742016,-3.666194115
7,8.508712352,,219,21.5530336,,0.215530336,1.508712352
7.140804354,67.4117634,,220,844.0359945,,8.440359945,60.27095905
13,10.26919801,,221,-21.00616915,,-0.210061692,-2.73080199
10.26919801,2.02026315,,222,-80.32696275,,-0.803269627,-8.24893486
2.006543398,74.68879253,,223,3622.261507,,36.22261507,72.68224913
4.041814707,2.013767905,,224,-50.17663968,,-0.501766397,-2.028046802
2.002846038,7,,225,249.5026511,,2.495026511,4.997153962
7,12,,226,71.42857143,,0.714285714,5
8,7,,227,-12.5,,-0.125,-1
7,30.5,,228,335.7142857,,3.357142857,23.5
5.411898321,7,,229,29.3446326,,0.293446326,1.588101679
7,7,,230,0,,0,0
7,20.625,,231,194.6428571,,1.946428571,13.625
20.5,19,,232,-7.317073171,,-0.073170732,-1.5
8,50.52118467,,233,531.5148084,,5.315148084,42.52118467
7,3.093317283,,234,-55.8097531,,-0.558097531,-3.906682717
7,65.33773241,,235,833.3961773,,8.333961773,58.33773241
12,2.015368225,,236,-83.20526479,,-0.832052648,-9.984631775
7,4,,237,-42.85714286,,-0.428571429,-3
4,7,,238,75,,0.75,3
7,2,,239,-71.42857143,,-0.714285714,-5
2,2.923008794,,240,46.1504397,,0.461504397,0.923008794
3,2.035255732,,241,-32.15814227,,-0.321581423,-0.964744268
2.184686544,7,,242,220.4120984,,2.204120984,4.815313456
7,10,,243,42.85714286,,0.428571429,3
17.25,0.065699098,,244,-99.61913566,,-0.996191357,-17.1843009
0.09,2,,245,2122.222222,,21.22222222,1.91
2,11.625,,246,481.25,,4.8125,9.625
11.75,0.180000391,,247,-98.46808178,,-0.984680818,-11.56999961
0.293380677,7,,248,2285.978542,,22.85978542,6.706619323
7,40.12179027,,249,473.1684324,,4.731684324,33.12179027
7,27.84944313,,250,297.8491876,,2.978491876,20.84944313
10,9,,251,-10,,-0.1,-1
8,54.76025035,,252,584.5031294,,5.845031294,46.76025035
8,88.21573025,,253,1002.696628,,10.02696628,80.21573025
8.78,3.038663146,,254,-65.39108034,,-0.653910803,-5.741336854
7,4,,255,-42.85714286,,-0.428571429,-3
4,2.237180422,,256,-44.07048945,,-0.440704895,-1.762819578
2.372811961,9.935377601,,257,318.7174443,,3.187174443,7.56256564
10.73739804,24.39706366,,258,127.2157889,,1.272157889,13.65966562
2.182585781,7,,259,220.7204986,,2.207204986,4.817414219
7,10,,260,42.85714286,,0.428571429,3
10,33.78534143,,261,237.8534143,,2.378534143,23.78534143
7,7,,262,0,,0,0
7,4,,263,-42.85714286,,-0.428571429,-3
4,89.68284946,,264,2142.071237,,21.42071237,85.68284946
18,8,,265,-55.55555556,,-0.555555556,-10
4.181560845,14,,266,234.8032115,,2.348032115,9.818439155
9,46.100985,,267,412.2331667,,4.122331667,37.100985
7,34.60219768,,268,394.3171097,,3.943171097,27.60219768
8,12,,269,50,,0.5,4
14.375,15,,270,4.347826087,,0.043478261,0.625
15,9,,271,-40,,-0.4,-6
9,7,,272,-22.22222222,,-0.222222222,-2
7,13,,273,85.71428571,,0.857142857,6
7.03,73.62518318,,274,947.299903,,9.47299903,66.59518318
7,3.529682746,,275,-49.57596077,,-0.495759608,-3.470317254
3.00729369,0.258538425,,276,-91.4029539,,-0.914029539,-2.748755265
0.007240685,26.49247852,,277,365783.5942,,3657.835942,26.48523784
19.375,3.14020375,,278,-83.79249677,,-0.837924968,-16.23479625
7,2.044487822,,279,-70.79303111,,-0.707930311,-4.955512178
2.035178296,10,,280,391.3574412,,3.913574412,7.964821704
8,3,,281,-62.5,,-0.625,-5
3,11.62499435,,282,287.4998117,,2.874998117,8.62499435
11.77511568,18,,283,52.86474026,,0.528647403,6.22488432
18,37.52952097,,284,108.4973387,,1.084973387,19.52952097
14,7,,285,-50,,-0.5,-7
7,2.280402807,,286,-67.42281704,,-0.67422817,-4.719597193
2.216219177,5,,287,125.6094547,,1.256094547,2.783780823
5,0.183122984,,288,-96.33754032,,-0.963375403,-4.816877016
0.04,7,,289,17400,,174,6.96
7,55.58484144,,290,694.0691634,,6.940691634,48.58484144
3.070954826,2.092050992,,291,-31.87620429,,-0.318762043,-0.978903834
2.289369647,1,,292,-56.31985419,,-0.563198542,-1.289369647
1,0.201267801,,293,-79.8732199,,-0.798732199,-0.798732199
7,53.26598896,,294,660.9426994,,6.609426994,46.26598896
7.343111876,2.14748499,,295,-70.75511001,,-0.7075511,-5.195626886
3,66.9512379,,296,2131.70793,,21.3170793,63.9512379
8,0.428512246,,297,-94.64359693,,-0.946435969,-7.571487754
7,0.564691817,,298,-91.93297404,,-0.91932974,-6.435308183
2,15.375,,299,668.75,,6.6875,13.375
9,10,,300,11.11111111,,0.111111111,1
7,76.01554618,,301,985.936374,,9.85936374,69.01554618
7,2.090363102,,302,-70.13766997,,-0.7013767,-4.909636898
2.079377707,59.49792626,,303,2761.333276,,27.61333276,57.41854855
4.738664792,0.270263533,,304,-94.29663112,,-0.942966311,-4.468401259
0.04,10,,305,24900,,249,9.96
7,2.03079085,,306,-70.98870214,,-0.709887021,-4.96920915
2.125,4,,307,88.23529412,,0.882352941,1.875
4,1.326403096,,308,-66.8399226,,-0.668399226,-2.673596904
1.083316557,2.510788528,,309,131.768684,,1.31768684,1.427471971
2.105730685,5.119588213,,310,143.1264477,,1.431264477,3.013857528
7,7,,311,0,,0,0
7,47.34707419,,312,576.3867741,,5.763867741,40.34707419
7,39.65982276,,313,466.5688966,,4.665688966,32.65982276
4,7,,314,75,,0.75,3
7,2.345986465,,315,-66.48590764,,-0.664859076,-4.654013535
3,0.31870862,,316,-89.37637933,,-0.893763793,-2.68129138
0.01,1.220109655,,317,12101.09655,,121.0109655,1.210109655
2,10,,318,400,,4,8
15,9.008336022,,319,-39.94442652,,-0.399444265,-5.991663978
7.33,4.149086674,,320,-43.39581618,,-0.433958162,-3.180913326
4.08954433,2.757460982,,321,-32.57290398,,-0.32572904,-1.332083348
3,0.86587353,,322,-71.137549,,-0.71137549,-2.13412647
2,11.29526256,,323,464.763128,,4.64763128,9.29526256
15,0.317226995,,324,-97.88515337,,-0.978851534,-14.68277301
2,10,,325,400,,4,8
7,2.085156057,,326,-70.21205633,,-0.702120563,-4.914843943
2.04890135,11.14282165,,327,443.8437361,,4.438437361,9.0939203
17.25,2.104999161,,328,-87.79710631,,-0.877971063,-15.14500084
4,7,,329,75,,0.75,3
7,8.125,,330,16.07142857,,0.160714286,1.125
7,78.50915637,,331,1021.559377,,10.21559377,71.50915637
11,2.035761089,,332,-81.49308101,,-0.81493081,-8.964238911
2.21,10,,333,352.4886878,,3.524886878,7.79
15,7.002577827,,334,-53.31614782,,-0.533161478,-7.997422173
7.973392157,4.069007168,,335,-48.9676779,,-0.489676779,-3.904384989
4.011319351,8,,336,99.43562953,,0.994356295,3.988680649
8,1,,337,-87.5,,-0.875,-7
1,4.333892243,,338,333.3892243,,3.333892243,3.333892243
7,29.16927988,,339,316.7039983,,3.167039983,22.16927988
2.06,15,,340,628.1553398,,6.281553398,12.94
7,17.5,,341,150,,1.5,10.5
4,96.60475077,,342,2315.118769,,23.15118769,92.60475077
4.587942692,9,,343,96.16635613,,0.961663561,4.412057308
9,88.84547338,,344,887.1719264,,8.871719264,79.84547338
9,7,,345,-22.22222222,,-0.222222222,-2
7,0.469675508,,346,-93.29034989,,-0.932903499,-6.530324492
0.124082838,49.88031191,,347,40099.20298,,400.9920298,49.75622907
22.5,2.084072372,,348,-90.73745612,,-0.907374561,-20.41592763
2.109457039,3.346416355,,349,58.63875363,,0.586387536,1.236959316
3.09,7,,350,126.5372168,,1.265372168,3.91
7,10,,351,42.85714286,,0.428571429,3
9.100242844,7,,352,-23.0789758,,-0.230789758,-2.100242844
7,10.72317711,,353,53.18824443,,0.531882444,3.72317711
10.0491542,7.147556294,,354,-28.87405097,,-0.28874051,-2.901597906
7.124871478,27.375,,355,284.2174569,,2.842174569,20.25012852
13.35138481,1,,356,-92.51014023,,-0.925101402,-12.35138481
2,10,,357,400,,4,8
7,66.77512339,,358,853.9303341,,8.539303341,59.77512339
4.185220514,0.412160397,,359,-90.15200285,,-0.901520028,-3.773060117
0.03,7,,360,23233.33333,,232.3333333,6.97
7,2.454039748,,361,-64.94228931,,-0.649422893,-4.545960252
7,45.69487982,,362,552.7839974,,5.527839974,38.69487982
8,2.050264432,,363,-74.3716946,,-0.743716946,-5.949735568
3,16,,364,433.3333333,,4.333333333,13
7.16,11.375,,365,58.86871508,,0.588687151,4.215
2.158346977,8,,366,270.6540276,,2.706540276,5.841653023
7,67.35167876,,367,862.1668394,,8.621668394,60.35167876
7.485247545,9.054540896,,368,20.96514967,,0.209651497,1.569293351
10,7,,369,-30,,-0.3,-3
7,27.25,,370,289.2857143,,2.892857143,20.25
27.125,7,,371,-74.19354839,,-0.741935484,-20.125
7,4,,372,-42.85714286,,-0.428571429,-3
4,8,,373,100,,1,4
7,21.06303182,,374,200.9004546,,2.009004546,14.06303182
15,53.22389643,,375,254.8259762,,2.548259762,38.22389643
9,2.277981021,,376,-74.68909977,,-0.746890998,-6.722018979
7,7,,377,0,,0,0
7,82.9056401,,378,1084.366287,,10.84366287,75.9056401
4.300260645,7,,379,62.7808307,,0.627808307,2.699739355
2,10,,380,400,,4,8
7.04,0.089456409,,381,-98.72931237,,-0.987293124,-6.950543591
1,5.875,,382,487.5,,4.875,4.875
7,8,,383,14.28571429,,0.142857143,1
8,10.375,,384,29.6875,,0.296875,2.375
7,7,,385,0,,0,0
7,7,,386,0,,0,0
7,72.54446971,,387,936.3495673,,9.363495673,65.54446971
10.75,2.75,,388,-74.41860465,,-0.744186047,-8
2.018572517,0.441210406,,389,-78.14245452,,-0.781424545,-1.577362111
7,50.43241887,,390,620.4631267,,6.204631267,43.43241887
7.625,10,,391,31.14754098,,0.31147541,2.375
10,72.38621451,,392,623.8621451,,6.238621451,62.38621451
5,3.020131285,,393,-39.5973743,,-0.395973743,-1.979868715
4,0.269673297,,394,-93.25816758,,-0.932581676,-3.730326703
0.01,7,,395,69900,,699,6.99
7,4.110991517,,396,-41.27154976,,-0.412715498,-2.889008483
4.010871441,76.97344306,,397,1819.120176,,18.19120176,72.96257162
7,2.013606145,,398,-71.23419793,,-0.712341979,-4.986393855
2.013606145,14,,399,595.2700276,,5.952700276,11.98639386
7.065122704,12.39699939,,400,75.46757373,,0.754675737,5.331876686
13,10,,401,-23.07692308,,-0.230769231,-3
4,0.434600131,,402,-89.13499673,,-0.891349967,-3.565399869
4,7,,403,75,,0.75,3
7,10,,404,42.85714286,,0.428571429,3
7,0.484215292,,405,-93.08263869,,-0.930826387,-6.515784708
0.066322645,26.375,,406,39667.71433,,396.6771433,26.30867736
7.75,7,,407,-9.677419355,,-0.096774194,-0.75
7,2.211386452,,408,-68.40876497,,-0.68408765,-4.788613548
2.601862199,2.316210895,,409,-10.97872532,,-0.109787253,-0.285651304
7,2.216331775,,410,-68.3381175,,-0.683381175,-4.783668225
3,10,,411,233.3333333,,2.333333333,7
7,2.037335519,,412,-70.89520687,,-0.708952069,-4.962664481
4,1.783202321,,413,-55.41994198,,-0.55419942,-2.216797679
2,58.25151349,,414,2812.575675,,28.12575675,56.25151349
5.192980149,0.414566469,,415,-92.0167908,,-0.920167908,-4.77841368
2,9,,416,350,,3.5,7
9,23.13609491,,417,157.0677212,,1.570677212,14.13609491
13,60.57912533,,418,365.9932718,,3.659932718,47.57912533
4,9,,419,125,,1.25,5
9,2.504237504,,420,-72.17513884,,-0.721751388,-6.495762496
4,78.51830774,,421,1862.957694,,18.62957694,74.51830774
11,12.5,,422,13.63636364,,0.136363636,1.5
11,9,,423,-18.18181818,,-0.181818182,-2
7.51,2.112932335,,424,-71.86508209,,-0.718650821,-5.397067665
2.01572371,2.017078385,,425,0.067205391,,0.000672054,0.001354675
2.008740555,0.114673128,,426,-94.29129224,,-0.942912922,-1.894067427
0.01,26.61410074,,427,266041.0074,,2660.410074,26.60410074
2.011965881,2.038457187,,428,1.316687636,,0.013166876,0.026491306
4,13.875,,429,246.875,,2.46875,9.875
14,13.75,,430,-1.785714286,,-0.017857143,-0.25
7,2.471473771,,431,-64.69323184,,-0.646932318,-4.528526229
4,29.375,,432,634.375,,6.34375,25.375
10,0.444045235,,433,-95.55954765,,-0.955595477,-9.555954765
0.121858032,8.242523968,,434,6664.03831,,66.6403831,8.120665936
8.043639393,8,,435,-0.542532936,,-0.005425329,-0.043639393
8,7.828848495,,436,-2.139393813,,-0.021393938,-0.171151505
9.998629162,8,,437,-19.98903179,,-0.199890318,-1.998629162
8,64.25844103,,438,703.2305129,,7.032305129,56.25844103
7,8,,439,14.28571429,,0.142857143,1
8,10.09240282,,440,26.15503525,,0.261550353,2.09240282
15,12,,441,-20,,-0.2,-3
12.125,25.125,,442,107.2164948,,1.072164948,13
13,7,,443,-46.15384615,,-0.461538462,-6
7,7,,444,0,,0,0
7,2.2606113,,445,-67.70555286,,-0.677055529,-4.7393887
4,10,,446,150,,1.5,6
15,7.638691006,,447,-49.07539329,,-0.490753933,-7.361308994
15,2.012575644,,448,-86.58282904,,-0.86582829,-12.98742436
2.05,8.459957349,,449,312.6808463,,3.126808463,6.409957349
8.11,0.127375141,,450,-98.4294064,,-0.984294064,-7.982624859
7,2.27120872,,451,-67.55416114,,-0.675541611,-4.72879128
7,15,,452,114.2857143,,1.142857143,8
7,87.91401033,,453,1155.914433,,11.55914433,80.91401033
19.25,0.046674831,,454,-99.75753335,,-0.997575333,-19.20332517
0.05,4,,455,7900,,79,3.95
4,2,,456,-50,,-0.5,-2
7,4,,457,-42.85714286,,-0.428571429,-3
3.40272448,3.462688023,,458,1.762221518,,0.017622215,0.059963543
3.443538659,11.625,,459,237.5887757,,2.375887757,8.181461341
11.625,2.101920925,,460,-81.91895978,,-0.819189598,-9.523079075
4,7,,461,75,,0.75,3
7,59.3390689,,462,747.7009843,,7.477009843,52.3390689
2.059250926,2.150084355,,463,4.410993719,,0.044109937,0.090833429
2.05,0.536015372,,464,-73.85290868,,-0.738529087,-1.513984628
7,23.625,,465,237.5,,2.375,16.625
8,0.078263067,,466,-99.02171166,,-0.990217117,-7.921736933
2,0.266913851,,467,-86.65430745,,-0.866543075,-1.733086149
2,7,,468,250,,2.5,5
7,77.26950658,,469,1003.850094,,10.03850094,70.26950658
5,53.72873101,,470,974.5746202,,9.745746202,48.72873101
7.06,77.01696509,,471,990.8918568,,9.908918568,69.95696509
4,61.4328003,,472,1435.820008,,14.35820008,57.4328003
5.663570912,8,,473,41.25363881,,0.412536388,2.336429088
8,90.23654478,,474,1027.95681,,10.2795681,82.23654478
3.116364353,2.274391199,,475,-27.01780211,,-0.270178021,-0.841973154
2.085509924,87.21820293,,476,4082.10443,,40.8210443,85.13269301
11.5,2.222776139,,477,-80.67151183,,-0.806715118,-9.277223861
4,3.371297755,,478,-15.71755613,,-0.157175561,-0.628702245
3.015060342,2.151554111,,479,-28.63976614,,-0.286397661,-0.863506231
3,3.540372577,,480,18.01241923,,0.180124192,0.540372577
3.09,7.647933385,,481,147.5059348,,1.475059348,4.557933385
7.35,7,,482,-4.761904762,,-0.047619048,-0.35
7,69.75903249,,483,896.557607,,8.96557607,62.75903249
2.247636687,80.76410878,,484,3493.290199,,34.93290199,78.51647209
2.05,28.9299102,,485,1311.215132,,13.11215132,26.8799102
7.17,4,,486,-44.21199442,,-0.442119944,-3.17
4,7.367357367,,487,84.18393418,,0.841839342,3.367357367
15,0.009786108,,488,-99.93475928,,-0.999347593,-14.99021389
0.016879226,4,,489,23597.76908,,235.9776908,3.983120774
4,10,,490,150,,1.5,6
7,11.68744753,,491,66.96353614,,0.669635361,4.68744753
15,15,,492,0,,0,0
15,80.72407623,,493,438.1605082,,4.381605082,65.72407623
9,81.50845391,,494,805.6494879,,8.056494879,72.50845391
7,2.062781796,,495,-70.53168863,,-0.705316886,-4.937218204
2.062781796,9,,496,336.3040249,,3.363040249,6.937218204
3.271042348,2.522664909,,497,-22.87886733,,-0.228788673,-0.748377439
2.097968374,61.67082515,,498,2839.5498,,28.395498,59.57285678
13,2,,499,-84.61538462,,-0.846153846,-11
2,0.450188327,,500,-77.49058365,,-0.774905837,-1.549811673
2,0.273084491,,501,-86.34577545,,-0.863457755,-1.726915509
4,37.13260775,,502,828.3151938,,8.283151938,33.13260775
20.5,3.197518454,,503,-84.402349,,-0.84402349,-17.30248155
7,2.145162427,,504,-69.35482247,,-0.693548225,-4.854837573
4,10,,505,150,,1.5,6
7,15,,506,114.2857143,,1.142857143,8
15,7,,507,-53.33333333,,-0.533333333,-8
7,15,,508,114.2857143,,1.142857143,8
7.19,2.239834002,,509,-68.84792765,,-0.688479276,-4.950165998
2.082925892,0.063142906,,510,-96.96854765,,-0.969685476,-2.019782986
0.025872732,7,,511,26955.51157,,269.5551157,6.974127268
7,2.656268955,,512,-62.05330064,,-0.620533006,-4.343731045
4,3.375,,513,-15.625,,-0.15625,-0.625
3.105627363,73.30424987,,514,2260.368496,,22.60368496,70.19862251
17,72.59935521,,515,327.0550306,,3.270550306,55.59935521
5,,,516,-100,,-1,-5
3,2.077823651,,517,-30.73921163,,-0.307392116,-0.922176349
6,5.875,,518,-2.083333333,,-0.020833333,-0.125
7,7,,519,0,,0,0
7,4.195516715,,520,-40.06404693,,-0.400640469,-2.804483285
4,3.047563951,,521,-23.81090123,,-0.238109012,-0.952436049
8,14,,522,75,,0.75,6
4,0.40826971,,523,-89.79325725,,-0.897932573,-3.59173029
2,1.635508065,,524,-18.22459675,,-0.182245968,-0.364491935
2.132305807,63.51955065,,525,2878.913739,,28.78913739,61.38724484
2.029516413,2.158361639,,526,6.348567825,,0.063485678,0.128845226
2,2,,527,0,,0,0
4.015993711,13,,528,223.7056862,,2.237056862,8.984006289
4,4,,529,0,,0,0
14,77.04273795,,530,450.3052711,,4.503052711,63.04273795
1,0.800993084,,531,-19.9006916,,-0.199006916,-0.199006916
4,2.569292159,,532,-35.76769603,,-0.35767696,-1.430707841
2.031756969,2.044150198,,533,0.609975956,,0.00609976,0.012393229
2.098786261,2.098786261,,534,0,,0,0
8,17.875,,535,123.4375,,1.234375,9.875
2.02,40.94175733,,536,1926.81967,,19.2681967,38.92175733
4,3.838485947,,537,-4.037851325,,-0.040378513,-0.161514053
4,49.76811316,,538,1144.202829,,11.44202829,45.76811316
7,2,,539,-71.42857143,,-0.714285714,-5
10,36.58555892,,540,265.8555892,,2.658555892,26.58555892
4,70.42786508,,541,1660.696627,,16.60696627,66.42786508
14,14,,542,0,,0,0
7,2.216822597,,543,-68.33110576,,-0.683311058,-4.783177403
7,7,,544,0,,0,0
7,7,,545,0,,0,0
7,10,,546,42.85714286,,0.428571429,3
4.176441149,7,,547,67.60681523,,0.676068152,2.823558851
3.142862285,3.042670075,,548,-3.187928739,,-0.031879287,-0.10019221
3.103749656,3.212448979,,549,3.502193638,,0.035021936,0.108699323
13,13,,550,0,,0,0
3,2.012359277,,551,-32.92135743,,-0.329213574,-0.987640723
2,0.390109239,,552,-80.49453805,,-0.804945381,-1.609890761
8.014571714,8.250427065,,553,2.942831625,,0.029428316,0.235855351
3,3,,554,0,,0,0
2.009052069,32.50543017,,555,1517.948617,,15.17948617,30.4963781
4,1.090401619,,556,-72.73995953,,-0.727399595,-2.909598381
1,0.441887743,,557,-55.8112257,,-0.558112257,-0.558112257
4.008889774,8,,558,99.55649696,,0.99556497,3.991110226
2.119755513,2.137068937,,559,0.816765136,,0.008167651,0.017313424
7,3.468682244,,560,-50.44739651,,-0.504473965,-3.531317756
7,44.31278007,,561,533.0397153,,5.330397153,37.31278007
7,7,,562,0,,0,0
9.043122322,10.29683728,,563,13.8637399,,0.138637399,1.253714958
0.052398483,1.016540463,,564,1840.01888,,18.4001888,0.96414198
8,80.62400312,,565,907.800039,,9.07800039,72.62400312
4,2.210683991,,566,-44.73290023,,-0.447329002,-1.789316009
15,13.50670011,,567,-9.9553326,,-0.099553326,-1.49329989
1,2,,568,100,,1,1
2,0.60002521,,569,-69.9987395,,-0.699987395,-1.39997479
8,24,,570,200,,2,16
8,41.16030708,,571,414.5038385,,4.145038385,33.16030708
9.75,55.00550491,,572,464.1590247,,4.641590247,45.25550491
2,19.875,,573,893.75,,8.9375,17.875
8,8,,574,0,,0,0
7,7,,575,0,,0,0
7,81.46947202,,576,1063.8496,,10.638496,74.46947202
3,1.166563492,,577,-61.11455027,,-0.611145503,-1.833436508
4,2.145054147,,578,-46.37364633,,-0.463736463,-1.854945853
8.24,15,,579,82.03883495,,0.82038835,6.76
39.625,15,,580,-62.14511041,,-0.621451104,-24.625
7,7,,581,0,,0,0
7,4,,582,-42.85714286,,-0.428571429,-3
9,17.54163939,,583,94.90710433,,0.949071043,8.54163939
8,10,,584,25,,0.25,2
14.25,20.41981699,,585,43.29696133,,0.432969613,6.16981699
7,85.95546234,,586,1127.935176,,11.27935176,78.95546234
8.529364638,8.154810491,,587,-4.391348745,,-0.043913487,-0.374554147
4,2.09248861,,588,-47.68778475,,-0.476877848,-1.90751139
3.255273255,3.311333496,,589,1.722136257,,0.017221363,0.056060241
7,10,,590,42.85714286,,0.428571429,3
7,7,,591,0,,0,0
16,27.375,,592,71.09375,,0.7109375,11.375
2.0010739,2.266454508,,593,13.26190942,,0.132619094,0.265380608
8,46.77370885,,594,484.6713606,,4.846713606,38.77370885
4,4,,595,0,,0,0
1.04,1.04969489,,596,0.932200962,,0.00932201,0.00969489
12,78.87180057,,597,557.2650048,,5.572650048,66.87180057
3,2.017402275,,598,-32.7532575,,-0.327532575,-0.982597725
3.299741842,32.125,,599,873.5610099,,8.735610099,28.82525816
0.119095218,0.129659266,,600,8.870253716,,0.088702537,0.010564048
8,14,,601,75,,0.75,6
10,14,,602,40,,0.4,4
7.650501396,8.962141283,,603,17.14449575,,0.171444958,1.311639887
8,9,,604,12.5,,0.125,1
4,21.5119314,,605,437.798285,,4.37798285,17.5119314
7,2.154784028,,606,-69.21737103,,-0.69217371,-4.845215972
11,95.78230912,,607,770.7482647,,7.707482647,84.78230912
2.1,81.20832344,,608,3767.063021,,37.67063021,79.10832344
7,9,,609,28.57142857,,0.285714286,2
2.001178842,2.034660557,,610,1.67309959,,0.016730996,0.033481715
2.093270687,2.07991821,,611,-0.637876271,,-0.006378763,-0.013352477
2,10,,612,400,,4,8
0.02,0.287490668,,613,1337.45334,,13.3745334,0.267490668
7,7,,614,0,,0,0
11.25,29.375,,615,161.1111111,,1.611111111,18.125
16,65.03294405,,616,306.4559003,,3.064559003,49.03294405
0.04,1.174768108,,617,2836.92027,,28.3692027,1.134768108
11.08016709,14,,618,26.35188519,,0.263518852,2.91983291
7.241328676,8.00449076,,619,10.53897866,,0.105389787,0.763162084
8,9,,620,12.5,,0.125,1
2.021785495,87.28479922,,621,4217.213643,,42.17213643,85.26301373
7,7,,622,0,,0,0
7.04,13,,623,84.65909091,,0.846590909,5.96
7,7,,624,0,,0,0
7,7,,625,0,,0,0
3.153870258,3.062631886,,626,-2.89290188,,-0.028929019,-0.091238372
7.293750602,8.207969303,,627,12.53427421,,0.125342742,0.914218701
2,62.69085522,,628,3034.542761,,30.34542761,60.69085522
0.02,0.138833061,,629,594.165305,,5.94165305,0.118833061
2.202171701,2.148169651,,630,-2.452217962,,-0.02452218,-0.05400205
7,15,,631,114.2857143,,1.142857143,8
3.0502196,3.0502196,,632,0,,0,0
8,71.67227122,,633,795.9033903,,7.959033903,63.67227122
3.314621002,3.052009767,,634,-7.922813343,,-0.079228133,-0.262611235
15,7,,635,-53.33333333,,-0.533333333,-8
7,7,,636,0,,0,0
4,6.5,,637,62.5,,0.625,2.5
9,8.455722218,,638,-6.047530911,,-0.060475309,-0.544277782
7.24,8.609717808,,639,18.91875425,,0.189187543,1.369717808
3,0.632479323,,640,-78.9173559,,-0.789173559,-2.367520677
13,66.3612509,,641,410.4711608,,4.104711608,53.3612509
4,3.074440267,,642,-23.13899333,,-0.231389933,-0.925559733
2.538028307,2.25136348,,643,-11.29478447,,-0.112947845,-0.286664827
7,7,,644,0,,0,0
9.687149438,9.976522469,,645,2.987184546,,0.029871845,0.289373031
10.375,84.46489421,,646,714.1194623,,7.141194623,74.08989421
2.096488266,2.241494671,,647,6.916633274,,0.069166333,0.145006405
7,7,,648,0,,0,0
11.75,11.75,,649,0,,0,0
7,2.067519789,,650,-70.46400301,,-0.70464003,-4.932480211
2.039756731,2.09316738,,651,2.618481321,,0.026184813,0.053410649
7,2.327080332,,652,-66.75599526,,-0.667559953,-4.672919668
2,0.257655707,,653,-87.11721465,,-0.871172147,-1.742344293
7,15,,654,114.2857143,,1.142857143,8
8,2.066124845,,655,-74.17343944,,-0.741734394,-5.933875155
2,0.020480473,,656,-98.97597635,,-0.989759764,-1.979519527
7,7,,657,0,,0,0
10,58.64535745,,658,486.4535745,,4.864535745,48.64535745
7,7,,659,0,,0,0
7.19,10,,660,39.08205841,,0.390820584,2.81
5.01,5.147045887,,661,2.735446846,,0.027354468,0.137045887
9.75,9,,662,-7.692307692,,-0.076923077,-0.75
15,15,,663,0,,0,0
2,0.417501058,,664,-79.1249471,,-0.791249471,-1.582498942
7.01,9,,665,28.38801712,,0.283880171,1.99
15,15,,666,0,,0,0
2.07,2.172431319,,667,4.948372899,,0.049483729,0.102431319
4.217614198,4.217614198,,668,0,,0,0
9,91.79688027,,669,919.9653363,,9.199653363,82.79688027
2.358334935,3.875,,670,64.31084247,,0.643108425,1.516665065
4,3.218532868,,671,-19.5366783,,-0.195366783,-0.781467132
3,3,,672,0,,0,0
9,15,,673,66.66666667,,0.666666667,6
3,30,,674,900,,9,27
5,10,,675,100,,1,5
3,0.619383127,,676,-79.35389577,,-0.793538958,-2.380616873
12,57.95331298,,677,382.9442748,,3.829442748,45.95331298
7,7,,678,0,,0,0
2,2,,679,0,,0,0
4,0.547659818,,680,-86.30850455,,-0.863085046,-3.452340182
7,2.227931178,,681,-68.17241174,,-0.681724117,-4.772068822
2.185265625,2.049784153,,682,-6.199771344,,-0.061997713,-0.135481472
6,7,,683,16.66666667,,0.166666667,1
4.03,8,,684,98.51116625,,0.985111663,3.97
15,7.11261628,,685,-52.58255813,,-0.525825581,-7.88738372
4.032294102,4.03235367,,686,0.001477273,,1.47727E-05,5.9568E-05
4,0.296608991,,687,-92.58477523,,-0.925847752,-3.703391009
4,4,,688,0,,0,0
13,43.24434399,,689,232.6487999,,2.326487999,30.24434399
8,10,,690,25,,0.25,2
3,1.737769836,,691,-42.0743388,,-0.420743388,-1.262230164
7.034354333,12,,692,70.59134971,,0.705913497,4.965645667
21.375,39.5,,693,84.79532164,,0.847953216,18.125
2.056105713,2.414005865,,694,17.40669994,,0.174066999,0.357900152
0.280383793,0.149470451,,695,-46.69076647,,-0.466907665,-0.130913342
7,7,,696,0,,0,0
8,89.71839923,,697,1021.47999,,10.2147999,81.71839923
1.049339044,1.196439885,,698,14.01842825,,0.140184283,0.147100841
2.017074905,68.47890942,,699,3294.961151,,32.94961151,66.46183452
8.335183793,14,,700,67.96270302,,0.67962703,5.664816207
2.025690376,2.11264616,,701,4.292649313,,0.042926493,0.086955784
10,15,,702,50,,0.5,5
4,92.88008073,,703,2222.002018,,22.22002018,88.88008073
38,18.07349971,,704,-52.43815866,,-0.524381587,-19.92650029
0.07,0.251883293,,705,259.8332757,,2.598332757,0.181883293
7,26.35110392,,706,276.4443417,,2.764443417,19.35110392
3.305047992,39.7483299,,707,1102.65515,,11.0265515,36.44328191
2,0.184530194,,708,-90.7734903,,-0.907734903,-1.815469806
7,2.310900391,,709,-66.98713727,,-0.669871373,-4.689099609
5,38.05360087,,710,661.0720174,,6.610720174,33.05360087
7,2.686019396,,711,-61.62829434,,-0.616282943,-4.313980604
7,63.6735405,,712,809.6220071,,8.096220071,56.6735405
7,9,,713,28.57142857,,0.285714286,2
13,20.19194614,,714,55.32266262,,0.553226626,7.19194614
7.102617722,7.402755025,,715,4.22572796,,0.04225728,0.300137303
11.85331182,11.68546913,,716,-1.415998267,,-0.014159983,-0.16784269
2,2,,717,0,,0,0
7,3.026415415,,718,-56.76549407,,-0.567654941,-3.973584585
3.09628375,3.222594964,,719,4.07944569,,0.040794457,0.126311214
7.022436676,7.8336444,,720,11.55165595,,0.115516559,0.811207724
2.125,2.455442579,,721,15.55023901,,0.15550239,0.330442579
10,10,,722,0,,0,0
7.063576105,10,,723,41.57134929,,0.415713493,2.936423895
10,17.93486575,,724,79.3486575,,0.793486575,7.93486575
3,2,,725,-33.33333333,,-0.333333333,-1
4,72.50753114,,726,1712.688279,,17.12688279,68.50753114
13,28.93367287,,727,122.5667144,,1.225667144,15.93367287
7,0.513436236,,728,-92.66519663,,-0.926651966,-6.486563764
7,7,,729,0,,0,0
10.375,46.42146659,,730,347.4358226,,3.474358226,36.04646659
7,7,,731,0,,0,0
8,7,,732,-12.5,,-0.125,-1
2.010676534,12.11783528,,733,502.6745265,,5.026745265,10.10715875
15,9.070154398,,734,-39.53230401,,-0.39532304,-5.929845602
7,9.125,,735,30.35714286,,0.303571429,2.125
9,69.79489459,,736,675.4988288,,6.754988288,60.79489459
4,4,,737,0,,0,0
15,7.097456176,,738,-52.68362549,,-0.526836255,-7.902543824
7,15,,739,114.2857143,,1.142857143,8
10,28.67333578,,740,186.7333578,,1.867333578,18.67333578
0.02,0.280061204,,741,1300.30602,,13.0030602,0.260061204
3.230114573,5.123629065,,742,58.62066033,,0.586206603,1.893514492
7,7,,743,0,,0,0
7,10,,744,42.85714286,,0.428571429,3
10,10,,745,0,,0,0
2,0.06860601,,746,-96.5696995,,-0.965696995,-1.93139399
10,10,,747,0,,0,0
11.75,68.19474333,,748,480.3807943,,4.803807943,56.44474333
0.369116305,0.130232087,,749,-64.71787205,,-0.647178721,-0.238884218
0.217241689,0.236259554,,750,8.754242838,,0.087542428,0.019017865
5.52,7,,751,26.8115942,,0.268115942,1.48
9.145771748,9.012088873,,752,-1.46169048,,-0.014616905,-0.133682875
7,10,,753,42.85714286,,0.428571429,3
4,2.065305203,,754,-48.36736993,,-0.483673699,-1.934694797
10.01608184,11.81516614,,755,17.96195687,,0.179619569,1.7990843
7,9,,756,28.57142857,,0.285714286,2
8.079639775,33.125,,757,309.9811492,,3.099811492,25.04536023
4,2.090042594,,758,-47.74893515,,-0.477489352,-1.909957406
15,11.16254758,,759,-25.58301613,,-0.255830161,-3.83745242
9.25,27.625,,760,198.6486486,,1.986486486,18.375
4,2.045964164,,761,-48.8508959,,-0.488508959,-1.954035836
2,0.045351307,,762,-97.73243465,,-0.977324347,-1.954648693
7.114756602,12,,763,68.66353512,,0.686635351,4.885243398
2.053268508,9.875,,764,380.9405083,,3.809405083,7.821731492
2,7,,765,250,,2.5,5
7,4.378262268,,766,-37.45339617,,-0.374533962,-2.621737732
2.147406551,2.147406551,,767,0,,0,0
2.061774397,3.375,,768,63.6939524,,0.636939524,1.313225603
8,35.06417491,,769,338.3021864,,3.383021864,27.06417491
7,15,,770,114.2857143,,1.142857143,8
9.040046664,9.642467049,,771,6.663907913,,0.066639079,0.602420385
2.07,87.20221384,,772,4112.667335,,41.12667335,85.13221384
7,7,,773,0,,0,0
7.67,14,,774,82.52933507,,0.825293351,6.33
7,7,,775,0,,0,0
8,47.41079298,,776,492.6349123,,4.926349123,39.41079298
7,7,,777,0,,0,0
7,7,,778,0,,0,0
11.75,43.45704042,,779,269.8471525,,2.698471525,31.70704042
9,9,,780,0,,0,0
7,2.659798356,,781,-62.00288063,,-0.620028806,-4.340201644
14,8.065754001,,782,-42.38747142,,-0.423874714,-5.934245999
10,10,,783,0,,0,0
7,7,,784,0,,0,0
2.116727422,2.183966247,,785,3.176546224,,0.031765462,0.067238825
9,15,,786,66.66666667,,0.666666667,6
16,79.06573627,,787,394.1608517,,3.941608517,63.06573627
3.095426526,4.727100916,,788,52.71242513,,0.527124251,1.63167439
7,7,,789,0,,0,0
9.263934313,11.0170402,,790,18.92398875,,0.189239887,1.753105887
7,62.30025931,,791,790.0037044,,7.900037044,55.30025931
9,79.40399334,,792,782.2665927,,7.822665927,70.40399334
4,2.203557879,,793,-44.91105303,,-0.44911053,-1.796442121
4,2.151500032,,794,-46.2124992,,-0.462124992,-1.848499968
9.204014956,8.306913985,,795,-9.746843908,,-0.097468439,-0.897100971
12.25,12.25,,796,0,,0,0
3,0.125231618,,797,-95.82561273,,-0.958256127,-2.874768382
7,2.994009035,,798,-57.22844236,,-0.572284424,-4.005990965
0.02,0.125134562,,799,525.67281,,5.2567281,0.105134562
7.74,35.73509452,,800,361.6937276,,3.616937276,27.99509452
3,3,,801,0,,0,0
16,61.43847728,,802,283.990483,,2.83990483,45.43847728
7,50.52684228,,803,621.8120326,,6.218120326,43.52684228
18.625,40.92969404,,804,119.7567465,,1.197567465,22.30469404
7.246082794,55.896376,,805,671.401288,,6.71401288,48.65029321
2.15191925,2.372572323,,806,10.25378034,,0.102537803,0.220653073
11,28.79394687,,807,161.7631534,,1.617631534,17.79394687
4,3.050513841,,808,-23.73715398,,-0.23737154,-0.949486159
4.040958665,10,,809,147.4660304,,1.474660304,5.959041335
7,7,,810,0,,0,0
2.003826348,2.369490122,,811,18.24827657,,0.182482766,0.365663774
6.25,13,,812,108,,1.08,6.75
8,12,,813,50,,0.5,4
4,2.112600639,,814,-47.18498403,,-0.47184984,-1.887399361
7,10,,815,42.85714286,,0.428571429,3
3,3,,816,0,,0,0
4,3.437883706,,817,-14.05290735,,-0.140529074,-0.562116294
7.127628652,7.205928117,,818,1.098534573,,0.010985346,0.078299465
4,4,,819,0,,0,0
3.081247554,3.314575424,,820,7.572512948,,0.075725129,0.23332787
7.030591482,15,,821,113.3533151,,1.133533151,7.969408518
9,67.98595434,,822,655.3994927,,6.553994927,58.98595434
3,2.060997334,,823,-31.30008887,,-0.313000889,-0.939002666
2.03599749,2.142212825,,824,5.216869644,,0.052168696,0.106215335
2.073457541,2.005213481,,825,-3.291316974,,-0.03291317,-0.06824406
7,87.62539186,,826,1151.791312,,11.51791312,80.62539186
14,15,,827,7.142857143,,0.071428571,1
9,9,,828,0,,0,0
15,14,,829,-6.666666667,,-0.066666667,-1
7.181153677,7.005438561,,830,-2.446892573,,-0.024468926,-0.175715116
4.085222521,4.085222521,,831,0,,0,0
3,2.566024988,,832,-14.46583373,,-0.144658337,-0.433975012
7,3.885735066,,833,-44.48949906,,-0.444894991,-3.114264934
3.030291095,14.375,,834,374.3768684,,3.743768684,11.34470891
2,1.095836913,,835,-45.20815435,,-0.452081544,-0.904163087
7,4.368479161,,836,-37.59315484,,-0.375931548,-2.631520839
4,2.030535461,,837,-49.23661348,,-0.492366135,-1.969464539
5,32.22683396,,838,544.5366792,,5.445366792,27.22683396
7,102.5231876,,839,1364.616966,,13.64616966,95.5231876
4,34.84417517,,840,771.1043793,,7.711043793,30.84417517
17,90.41520534,,841,431.8541491,,4.318541491,73.41520534
9.5,48.48825901,,842,410.4027264,,4.104027264,38.98825901
4,4,,843,0,,0,0
9,9,,844,0,,0,0
3,13,,845,333.3333333,,3.333333333,10
9,75.84988549,,846,742.7765054,,7.427765054,66.84988549
8.280466419,15,,847,81.14921601,,0.81149216,6.719533581
7,12,,848,71.42857143,,0.714285714,5
2.033753183,2.033753183,,849,0,,0,0
2,2,,850,0,,0,0
3,2.429853575,,851,-19.00488083,,-0.190048808,-0.570146425
8.007320294,11.09841638,,852,38.60337757,,0.386033776,3.091096086
4.117107424,78.05062379,,853,1795.763597,,17.95763597,73.93351637
2.03746136,2.353723561,,854,15.52236559,,0.155223656,0.316262201
15,8.390295541,,855,-44.06469639,,-0.440646964,-6.609704459
7,2.092165461,,856,-70.11192199,,-0.70111922,-4.907834539
2,2,,857,0,,0,0
4,2.31710514,,858,-42.0723715,,-0.420723715,-1.68289486
4,28,,859,600,,6,24
9.051190703,9.381412422,,860,3.648378759,,0.036483788,0.330221719
4,10,,861,150,,1.5,6
9,12.25,,862,36.11111111,,0.361111111,3.25
2,0.38118683,,863,-80.9406585,,-0.809406585,-1.61881317
0.04,0.266677853,,864,566.6946325,,5.666946325,0.226677853
9.375,10,,865,6.666666667,,0.066666667,0.625
8.432528328,66.18402631,,866,684.8657453,,6.848657453,57.75149798
15,9,,867,-40,,-0.4,-6
0.005572501,0.079726315,,868,1330.709748,,13.30709748,0.074153814
0.04,0.257871051,,769,544.6776275,,5.446776275,0.217871051
7,2.154463454,,870,-69.22195066,,-0.692219507,-4.845536546
8,74.62612393,,871,832.8265491,,8.328265491,66.62612393
3.03940537,3.028819483,,872,-0.348288093,,-0.003482881,-0.010585887
2.210557729,2.108331129,,873,-4.62447095,,-0.046244709,-0.1022266
13,13,,874,0,,0,0
4.157345172,82.56692351,,875,1886.049272,,18.86049272,78.40957834
0.013976258,0.193112506,,876,1281.71824,,12.8171824,0.179136248
3,2.075658321,,877,-30.8113893,,-0.308113893,-0.924341679
4,2.119778817,,879,-47.00552958,,-0.470055296,-1.880221183
3,2.401608712,,879,-19.94637627,,-0.199463763,-0.598391288
8,10,,880,25,,0.25,2
0.028608591,0.003426397,,881,-88.02318856,,-0.880231886,-0.025182194
4,4,,882,0,,0,0
9,11.75,,883,30.55555556,,0.305555556,2.75
7,14,,884,100,,1,7
2,2,,885,0,,0,0
15,15,,886,0,,0,0
8,87.94863637,,887,999.3579546,,9.993579546,79.94863637
4,4,,888,0,,0,0
20.5,20.625,,889,0.609756098,,0.006097561,0.125
7,7,,890,0,,0,0
13,13.1815517,,891,1.396551538,,0.013965515,0.1815517
1.188816908,0.476209768,,892,-59.94254752,,-0.599425475,-0.71260714
9,9,,893,0,,0,0
7.1,8.846225759,,894,24.594729,,0.24594729,1.746225759
3.651610217,88.34002337,,895,2319.207367,,23.19207367,84.68841315
13,12.60422846,,896,-3.044396462,,-0.030443965,-0.39577154
8.442248381,8.284602278,,897,-1.867347369,,-0.018673474,-0.157646103
4.018926493,4.614211182,,898,14.81203227,,0.148120323,0.595284689
14,78.83764654,,899,463.1260467,,4.631260467,64.83764654
8.167095077,8.449961734,,900,3.463491662,,0.034634917,0.282866657
1.135373541,1.011116703,,901,-10.94413719,,-0.109441372,-0.124256838
7,2.005271476,,902,-71.35326463,,-0.713532646,-4.994728524
20.75,64.07560558,,903,208.7980992,,2.087980992,43.32560558
3.014527782,3.534794285,,904,17.25864018,,0.172586402,0.520266503
2,2,,905,0,,0,0
3,2.112185454,,906,-29.5938182,,-0.295938182,-0.887814546
7.041800779,44.24294989,,907,528.2902808,,5.282902808,37.20114911
2,0.216396729,,908,-89.18016355,,-0.891801636,-1.783603271
2.59,2.155151367,,909,-16.78952251,,-0.167895225,-0.434848633
3.001435155,3.123765449,,910,4.0757267,,0.040757267,0.122330294
2,2,,911,0,,0,0
4,2.061892973,,912,-48.45267568,,-0.484526757,-1.938107027
6.125,84.97106943,,913,1287.282766,,12.87282766,78.84606943
7,4.26976652,,914,-39.00333543,,-0.390033354,-2.73023348
0.01,0.233073869,,915,2230.73869,,22.3073869,0.223073869
7,7,,916,0,,0,0
2.052375977,2.131809145,,917,3.870302951,,0.03870303,0.079433168
0.178600632,0.178600632,,918,0,,0,0
8.495955827,38.25776781,,919,350.3056347,,3.503056347,29.76181198
4,2.237364216,,920,-44.0658946,,-0.440658946,-1.762635784
2,0.582294951,,921,-70.88525245,,-0.708852525,-1.417705049
9,66.11347869,,922,634.5942077,,6.345942077,57.11347869
7,7,,923,0,,0,0
8,7,,924,-12.5,,-0.125,-1
7,7,,925,0,,0,0
2,15,,926,650,,6.5,13
2.076150875,42.428746,,927,1943.62537,,19.4362537,40.35259513
2.40775683,2.022085334,,928,-16.01787569,,-0.160178757,-0.385671496
7,7,,929,0,,0,0
12,83.23020074,,930,593.5850062,,5.935850062,71.23020074
7,7,,931,0,,0,0
4.355929251,35.51348562,,932,715.2906894,,7.152906894,31.15755637
6,9,,933,50,,0.5,3
0.03,0.619398125,,934,1964.660417,,19.64660417,0.589398125
10,10,,935,0,,0,0
2.009580839,2.661942863,,936,32.46259177,,0.324625918,0.652362024
9.7823957,12,,937,22.66933753,,0.226693375,2.2176043
2.00697573,61.94057918,,938,2986.264485,,29.86264485,59.93360345
10,10,,939,0,,0,0
5.25,16.04062447,,940,205.5357042,,2.055357042,10.79062447
7,92.0405655,,941,1214.865221,,12.14865221,85.0405655
8,82.83091422,,942,935.3864278,,9.353864278,74.83091422
3,2.136030441,,943,-28.7989853,,-0.287989853,-0.863969559
2.215890155,38.28039229,,944,1627.540158,,16.27540158,36.06450214
8,32.5,,945,306.25,,3.0625,24.5
6.1,7,,946,14.75409836,,0.147540984,0.9
8,10,,947,25,,0.25,2
7,53.08864888,,948,658.4092697,,6.584092697,46.08864888
15,102.7607991,,949,585.071994,,5.85071994,87.7607991
10.625,69.24397745,,950,551.7080231,,5.517080231,58.61897745
4,94.53817207,,951,2263.454302,,22.63454302,90.53817207
7,10,,952,42.85714286,,0.428571429,3
15.625,33.31630111,,953,113.2243271,,1.132243271,17.69130111
15,82.16917719,,954,447.7945146,,4.477945146,67.16917719
11,38.25616492,,955,247.7833175,,2.477833175,27.25616492
4,87.2455669,,956,2081.139173,,20.81139173,83.2455669
8,7,,957,-12.5,,-0.125,-1
9,9,,958,0,,0,0
7,7,,959,0,,0,0
8,4.25717851,,960,-46.78526863,,-0.467852686,-3.74282149
2.35971929,2.679005041,,961,13.53066665,,0.135306666,0.319285751
7,12,,962,71.42857143,,0.714285714,5
7,10,,963,42.85714286,,0.428571429,3
3.114084575,3.401515002,,964,9.23001351,,0.092300135,0.287430427
2.13,86.20585813,,965,3947.223386,,39.47223386,84.07585813
4,2.015358001,,966,-49.61604998,,-0.4961605,-1.984641999
4,4,,967,0,,0,0
7,2.092530089,,968,-70.10671301,,-0.70106713,-4.907469911
8.875,9,,969,1.408450704,,0.014084507,0.125
8,8,,970,0,,0,0
6.592386744,10,,971,51.69012967,,0.516901297,3.407613256
15,12.57081832,,972,-16.19454453,,-0.161945445,-2.42918168
2.097141279,2.097141279,,973,0,,0,0
8.090087363,64.06138381,,974,691.8503341,,6.918503341,55.97129645
4,3.27449286,,975,-18.1376785,,-0.181376785,-0.72550714
15,15,,976,0,,0,0
2.082327799,51.02000406,,977,2350.142772,,23.50142772,48.93767626
7,7,,978,0,,0,0
10,15,,979,50,,0.5,5
15,12.78937067,,980,-14.73752887,,-0.147375289,-2.21062933
13,26.125,,981,100.9615385,,1.009615385,13.125
7,7,,982,0,,0,0
3,3,,983,0,,0,0
5.092951273,5.334173385,,984,4.736391516,,0.047363915,0.241222112
2,0.738513836,,985,-63.0743082,,-0.630743082,-1.261486164
2.06,2.334212826,,986,13.31130223,,0.133113022,0.274212826
3.02590813,3.301235732,,987,9.099007312,,0.090990073,0.275327602
7,14,,988,100,,1,7
7.12,7.033518933,,989,-1.214621728,,-0.012146217,-0.086481067
2,2,,990,0,,0,0
2.097274443,82.03481654,,991,3811.496505,,38.11496505,79.9375421
5,52.44334188,,992,948.8668376,,9.488668376,47.44334188
2.672980699,2.023518838,,993,-24.29728959,,-0.242972896,-0.649461861
7,2.010895474,,994,-71.2729218,,-0.712729218,-4.989104526
0.309497414,0.023333189,,995,-92.46094218,,-0.924609422,-0.286164225
7,7,,996,0,,0,0
7,41.72610032,,997,496.0871474,,4.960871474,34.72610032
3,2.377833395,,998,-20.73888683,,-0.207388868,-0.622166605
10.28685344,37.44754204,,999,264.0330083,,2.640330083,27.1606886
7,0.914649583,,1000,-86.93357739,,-0.869335774,-6.085350417
11,41.17758531,,1001,274.3416846,,2.743416846,30.17758531
7,3.199398929,,1002,-54.29430101,,-0.54294301,-3.800601071
9,78.31515391,,1003,770.1683768,,7.701683768,69.31515391
8.22,48.74860269,,1004,493.0486945,,4.930486945,40.52860269
4.51,6.25,,1005,38.58093126,,0.385809313,1.74
9,10.12889223,,1006,12.543247,,0.12543247,1.12889223
4,3.022994754,,1007,-24.42513115,,-0.244251312,-0.977005246
8.274581152,72.69583048,,1008,778.5439304,,7.785439304,64.42124933
4,4,,1009,0,,0,0
7.04,7.271961284,,1010,3.294904602,,0.032949046,0.231961284
2.08,2.143191121,,1011,3.038034663,,0.030380347,0.063191121
7,7,,1012,0,,0,0
3,3.081548964,,1013,2.7182988,,0.027182988,0.081548964
2.626264084,2.270846371,,1014,-13.53320541,,-0.135332054,-0.355417713
2.02,2.053394222,,1015,1.653179307,,0.016531793,0.033394222
2,0.377148728,,1016,-81.1425636,,-0.811425636,-1.622851272
2.108885679,2.025924701,,1017,-3.933877442,,-0.039338774,-0.082960978
7.625,7.5,,1018,-1.639344262,,-0.016393443,-0.125
8,7.405102075,,1019,-7.436224063,,-0.074362241,-0.594897925
8,8,,1020,0,,0,0
2,0.556230298,,1021,-72.1884851,,-0.721884851,-1.443769702
7,7,,1022,0,,0,0
2.292112583,2.032964342,,1023,-11.30608692,,-0.113060869,-0.259148241
4.151279585,7,,1024,68.62270673,,0.686227067,2.848720415
8,29.02514342,,1025,262.8142928,,2.628142928,21.02514342
4,10,,1026,150,,1.5,6
10,10,,1027,0,,0,0
2,0.798948462,,1028,-60.0525769,,-0.600525769,-1.201051538
7,91.20509055,,1029,1202.929865,,12.02929865,84.20509055
2.039873068,9,,1030,341.203923,,3.41203923,6.960126932
3,3,,1031,0,,0,0
4,4,,1032,0,,0,0
2.152083091,2.046689403,,1033,-4.897287119,,-0.048972871,-0.105393688
8,10,,1034,25,,0.25,2
2,2,,1035,0,,0,0
9.375,9.375,,1036,0,,0,0
4,4,,1037,0,,0,0
2,1.167773529,,1038,-41.61132355,,-0.416113236,-0.832226471
7,0.377869134,,1039,-94.60186951,,-0.946018695,-6.622130866
7,7,,1040,0,,0,0
7,69.42750083,,1041,891.8214404,,8.918214404,62.42750083
7,0.42030845,,1042,-93.99559357,,-0.939955936,-6.57969155
3.142426759,3.404766035,,1043,8.348302001,,0.08348302,0.262339276
7,7,,1044,0,,0,0
11.75,13,,1045,10.63829787,,0.106382979,1.25
3.15,3.069888468,,1046,-2.543223238,,-0.025432232,-0.080111532
14,39.33443724,,1047,180.960266,,1.80960266,25.33443724
7,7,,1048,0,,0,0
7.097383212,8,,1049,12.71759973,,0.127175997,0.902616788
4,2.376150865,,1050,-40.59622838,,-0.405962284,-1.623849135
4.013126127,55.59427401,,1051,1285.310909,,12.85310909,51.58114788
8,7.116164552,,1052,-11.0479431,,-0.110479431,-0.883835448
7,7,,1053,0,,0,0
4,3,,1054,-25,,-0.25,-1
2,15,,1055,650,,6.5,13
8.404272712,85.19989547,,1056,913.7688101,,9.137688101,76.79562276
7,7,,1057,0,,0,0
9,18.82986537,,1058,109.2207263,,1.092207263,9.82986537
4,4,,1059,0,,0,0
4,10,,1060,150,,1.5,6
2.085832965,2.085832965,,1061,0,,0,0
4,4,,1062,0,,0,0
0.07,0.009803689,,1063,-85.99473,,-0.8599473,-0.060196311
7,82.3654984,,1064,1076.649977,,10.76649977,75.3654984
13,18.41034238,,1065,41.61801831,,0.416180183,5.41034238
3,2,,1066,-33.33333333,,-0.333333333,-1
2.04,100.0835714,,1067,4806.057422,,48.06057422,98.0435714
4,3.038970218,,1068,-24.02574455,,-0.240257446,-0.961029782
16.125,85.96900086,,1069,433.1410906,,4.331410906,69.84400086
8,10,,1070,25,,0.25,2
7,7,,1071,0,,0,0
8,71.18230639,,1072,789.7788299,,7.897788299,63.18230639
9.38,9.898243662,,1073,5.524985736,,0.055249857,0.518243662
4.707769203,32.04813065,,1074,580.7498258,,5.807498258,27.34036145
11.46214053,12,,1075,4.692487137,,0.046924871,0.53785947
7,7,,1076,0,,0,0
2,4,,1077,100,,1,2
3,2.014132733,,1078,-32.86224223,,-0.328622422,-0.985867267
2.03,41.47815759,,1079,1943.258995,,19.43258995,39.44815759
3,3,,1080,0,,0,0
4,3.153867591,,1081,-21.15331023,,-0.211533102,-0.846132409
7,7,,1082,0,,0,0
0.057937264,0.207644486,,1083,258.3953947,,2.583953947,0.149707222
7.435179486,65.0583133,,1084,775.0066279,,7.750066279,57.62313381
0.311930277,0.163391,,1085,-47.61938419,,-0.476193842,-0.148539277
8,33.625,,1086,320.3125,,3.203125,25.625
4,66.73130844,,1087,1568.282711,,15.68282711,62.73130844
8,21.0698886,,1088,163.3736075,,1.633736075,13.0698886
0.01,0.064622981,,1089,546.22981,,5.4622981,0.054622981
3.109333615,3.88433127,,1090,24.92487944,,0.249248794,0.774997655
4,2.120172281,,1091,-46.99569298,,-0.46995693,-1.879827719
13,64.2404174,,1092,394.1570569,,3.941570569,51.2404174
2.019692073,2.02903567,,1093,0.462624829,,0.004626248,0.009343597
7,7,,1094,0,,0,0
0.637347685,0.387078745,,1095,-39.26725489,,-0.392672549,-0.25026894
12.125,20.13436358,,1096,66.05660685,,0.660566068,8.00936358
0.334223723,0.334223723,,1097,0,,0,0
15,15,,1098,0,,0,0
15,15,,1099,0,,0,0
6.071536112,14.375,,1100,136.7605122,,1.367605122,8.303463888
2.01,2.094848984,,1101,4.221342488,,0.042213425,0.084848984
7,2.534757536,,1102,-63.78917806,,-0.637891781,-4.465242464
0.02,0.437456593,,1103,2087.282965,,20.87282965,0.417456593
9,16.43849931,,1104,82.64999233,,0.826499923,7.43849931
8,63.97215466,,1105,699.6519333,,6.996519333,55.97215466
4,4,,1106,0,,0,0
4,2.433122211,,1107,-39.17194473,,-0.391719447,-1.566877789
4,3.703871803,,1108,-7.403204925,,-0.074032049,-0.296128197
2.000278548,2.058901054,,1109,2.930717127,,0.029307171,0.058622506
8,80.12513801,,1110,901.5642251,,9.015642251,72.12513801
2,2,,1111,0,,0,0
7.13,7.084310476,,1112,-0.640806788,,-0.006408068,-0.045689524
2,0.307891469,,1113,-84.60542655,,-0.846054266,-1.692108531
7,92.51687968,,1114,1221.66971,,12.2166971,85.51687968
17,17,,1115,0,,0,0
7,2,,1116,-71.42857143,,-0.714285714,-5
4,3,,1117,-25,,-0.25,-1
4.015055207,4.022930127,,1118,0.196134788,,0.001961348,0.00787492
15,7.015688301,,1119,-53.22874466,,-0.532287447,-7.984311699
3,2.088949269,,1120,-30.3683577,,-0.303683577,-0.911050731
4,2.176994895,,1121,-45.57512763,,-0.455751276,-1.823005105
2.153090017,2.140802009,,1122,-0.570715014,,-0.00570715,-0.012288008
7.2,12.75,,1123,77.08333333,,0.770833333,5.55
3,2.219301077,,1124,-26.02329743,,-0.260232974,-0.780698923
7,7,,1125,0,,0,0
8,17.375,,1126,117.1875,,1.171875,9.375
2.019051552,2.029951059,,1127,0.539833022,,0.00539833,0.010899507
13,18.51281832,,1128,42.40629477,,0.424062948,5.51281832
10,26.375,,1129,163.75,,1.6375,16.375
10,10,,1130,0,,0,0
3,0.23184338,,1131,-92.27188733,,-0.922718873,-2.76815662
7,2,,1132,-71.42857143,,-0.714285714,-5
21.25,30.625,,1133,44.11764706,,0.441176471,9.375
7,15,,1134,114.2857143,,1.142857143,8
2.08,2.227207789,,1135,7.077297548,,0.070772975,0.147207789
15,15,,1136,0,,0,0
2,0.212977887,,1137,-89.35110565,,-0.893511057,-1.787022113
4,3.014607623,,1138,-24.63480943,,-0.246348094,-0.985392377
3.158337604,13,,1139,311.6089421,,3.116089421,9.841662396
2.080447386,2.350064258,,1140,12.95956215,,0.129595622,0.269616872
13,13,,1141,0,,0,0
9,12.32954899,,1142,36.99498878,,0.369949888,3.32954899
8,74.12471654,,1143,826.5589568,,8.265589568,66.12471654
7.058109874,69.01361335,,1144,877.7917117,,8.777917117,61.95550348
7,7,,1145,0,,0,0
7,2,,1146,-71.42857143,,-0.714285714,-5
19.125,9,,1147,-52.94117647,,-0.529411765,-10.125
3,0.570487905,,1148,-80.9837365,,-0.809837365,-2.429512095
8,57.21672224,,1149,615.209028,,6.15209028,49.21672224
8,12,,1150,50,,0.5,4
2,0.125404484,,1151,-93.7297758,,-0.937297758,-1.874595516
4,4,,1152,0,,0,0
9.875,32.375,,1153,227.8481013,,2.278481013,22.5
12,54.98783994,,1154,358.2319995,,3.582319995,42.98783994
2.091342828,2.018088152,,1155,-3.502757894,,-0.035027579,-0.073254676
14,14,,1156,0,,0,0
2,0.374499527,,1157,-81.27502365,,-0.812750237,-1.625500473
9,9.529789502,,1158,5.886550022,,0.0588655,0.529789502
10.10543191,10.10543191,,1159,0,,0,0
7.306674689,7.107295751,,1160,-2.728723345,,-0.027287233,-0.199378938
3,2.038241985,,1161,-32.0586005,,-0.320586005,-0.961758015
3.966810755,4,,1162,0.836673263,,0.008366733,0.033189245
4,2.601147725,,1163,-34.97130688,,-0.349713069,-1.398852275
9,25.625,,1164,184.7222222,,1.847222222,16.625
8.019411457,9,,1165,12.22768713,,0.122276871,0.980588543
2,2,,1166,0,,0,0
8,9,,1167,12.5,,0.125,1
2.140292422,2.096313806,,1168,-2.054794735,,-0.020547947,-0.043978616
20.375,45.21724012,,1169,121.9251049,,1.219251049,24.84224012
1.015766957,66.24463924,,1170,6421.637545,,64.21637545,65.22887228
13,21.03638886,,1171,61.81837585,,0.618183758,8.03638886
2.027390669,2.08156428,,1172,2.672085446,,0.026720854,0.054173611
7,7,,1173,0,,0,0
3.393461406,3.115440814,,1174,-8.192832001,,-0.08192832,-0.278020592
4,4,,1175,0,,0,0
8.065266306,8.024285534,,1176,-0.508114307,,-0.005081143,-0.040980772
4,2.087599467,,1177,-47.81001333,,-0.478100133,-1.912400533
4,2.009723114,,1178,-49.75692215,,-0.497569222,-1.990276886
8,62.05118715,,1179,675.6398394,,6.756398394,54.05118715
17.375,73.47636809,,1180,322.8855717,,3.228855717,56.10136809
4,2.394192737,,1181,-40.14518158,,-0.401451816,-1.605807263
1,0.175334049,,1182,-82.4665951,,-0.824665951,-0.824665951
2.005142513,60.88232732,,1183,2936.309236,,29.36309236,58.87718481
14,14,,1184,0,,0,0
12,75.89114577,,1185,532.4262148,,5.324262148,63.89114577
14,12.27999831,,1186,-12.28572636,,-0.122857264,-1.72000169
3.012642547,3.148921269,,1187,4.523560956,,0.04523561,0.136278722
8,65.31581689,,1188,716.4477111,,7.164477111,57.31581689
4,4,,1189,0,,0,0
2.09,88.06945298,,1190,4113.849425,,41.13849425,85.97945298
7,0.997440537,,1191,-85.75084947,,-0.857508495,-6.002559463
7.188601263,40.80361937,,1192,467.6155608,,4.676155608,33.61501811
3,2.359422933,,1193,-21.3525689,,-0.213525689,-0.640577067
12,89.60693208,,1194,646.724434,,6.46724434,77.60693208
7,7,,1195,0,,0,0
7.191434563,10,,1196,39.05431402,,0.39054314,2.808565437
8,26.7888006,,1197,234.8600075,,2.348600075,18.7888006
15.25,32.55351881,,1198,113.4656971,,1.134656971,17.30351881
4.009564185,4.022467058,,1199,0.321802381,,0.003218024,0.012902873
4,2.003229267,,1200,-49.91926833,,-0.499192683,-1.996770733
7,7,,1201,0,,0,0
8,7.093530425,,1202,-11.33086969,,-0.113308697,-0.906469575
4,4,,1203,0,,0,0
4,4,,1204,0,,0,0
2.063111659,2.047534699,,1205,-0.755022634,,-0.007550226,-0.01557696
7,7,,1206,0,,0,0
3.045137191,3.114374046,,1207,2.273685902,,0.022736859,0.069236855
3.45,28.0269331,,1208,712.3748725,,7.123748725,24.5769331
3.08437257,80.67243628,,1209,2515.521778,,25.15521778,77.58806371
7,30.00972301,,1210,328.7103287,,3.287103287,23.00972301
9.480084257,15,,1211,58.22644181,,0.582264418,5.519915743
7,7,,1212,0,,0,0
2.028639452,86.0183739,,1213,4140.20019,,41.4020019,83.98973445
4,2.064348758,,1214,-48.39128105,,-0.483912811,-1.935651242
7.75,69.09752976,,1215,791.5810292,,7.915810292,61.34752976
2.353681137,2.284097674,,1216,-2.95636745,,-0.029563674,-0.069583463
7,7,,1217,0,,0,0
4,3.043097381,,1218,-23.92256548,,-0.239225655,-0.956902619
